Workout Start,Workout End,Exercise,Weight,Reps,Notes,Kcal,Distance,Duration,Category,Name,Bodyweight
2/28/2023 13:24,2/28/2023 15:18,Pull Up,0,8,,,,,Back,Athletics Pull,
2/28/2023 13:24,2/28/2023 15:18,Pull Up,10,8,,,,,Back,Athletics Pull,
2/28/2023 13:24,2/28/2023 15:18,Pull Up,10,8,,,,,Back,Athletics Pull,
2/28/2023 13:24,2/28/2023 15:18,Pull Up,10,6,,,,,Back,Athletics Pull,
2/28/2023 13:24,2/28/2023 15:18,T-Bar row,80,7,,,,,Back,Athletics Pull,
2/28/2023 13:24,2/28/2023 15:18,T-Bar row,70,8,,,,,Back,Athletics Pull,
2/28/2023 13:24,2/28/2023 15:18,T-Bar row,70,8,,,,,Back,Athletics Pull,
2/28/2023 13:24,2/28/2023 15:18,Bird dog row,10,8,,,,,Abs,Athletics Pull,
2/28/2023 13:24,2/28/2023 15:18,Bird dog row,15,8,,,,,Abs,Athletics Pull,
2/28/2023 13:24,2/28/2023 15:18,Bird dog row,15,8,,,,,Abs,Athletics Pull,
2/28/2023 13:24,2/28/2023 15:18,Dumbbell delt ,15,10,,,,,Shoulders,Athletics Pull,
2/28/2023 13:24,2/28/2023 15:18,Dumbbell delt ,15,10,,,,,Shoulders,Athletics Pull,
2/28/2023 13:24,2/28/2023 15:18,Dumbbell delt ,15,10,,,,,Shoulders,Athletics Pull,
2/28/2023 13:24,2/28/2023 15:18,Dumbbell Bicep Curl,60,7,,,,,Biceps,Athletics Pull,
2/28/2023 13:24,2/28/2023 15:18,Dumbbell Bicep Curl,60,7,,,,,Biceps,Athletics Pull,
2/28/2023 13:24,2/28/2023 15:18,Dumbbell Bicep Curl,60,5,,,,,Biceps,Athletics Pull,
2/28/2023 13:24,2/28/2023 15:18,Hammer Curl,25,8,,,,,Biceps,Athletics Pull,
2/28/2023 13:24,2/28/2023 15:18,Hammer Curl,25,8,,,,,Biceps,Athletics Pull,
2/28/2023 13:24,2/28/2023 15:18,Hammer Curl,25,8,,,,,Biceps,Athletics Pull,
2/27/2023 15:17,2/27/2023 16:47,Bench Press,135,8,,,,,Chest,Athletic push ,
2/27/2023 15:17,2/27/2023 16:47,Bench Press,155,5,,,,,Chest,Athletic push ,
2/27/2023 15:17,2/27/2023 16:47,Bench Press,155,4,,,,,Chest,Athletic push ,
2/27/2023 15:17,2/27/2023 16:47,Bench Press,135,,,,,,Chest,Athletic push ,
2/27/2023 15:17,2/27/2023 16:47,Push up plyo explosive,0,8,,,,,Chest,Athletic push ,
2/27/2023 15:17,2/27/2023 16:47,Push up plyo explosive,0,8,,,,,Chest,Athletic push ,
2/27/2023 15:17,2/27/2023 16:47,Push up plyo explosive,0,7,,,,,Chest,Athletic push ,
2/27/2023 15:17,2/27/2023 16:47,Push up plyo explosive,,,,,,,Chest,Athletic push ,
2/27/2023 15:17,2/27/2023 16:47,Dips,35,7,,,,,Triceps,Athletic push ,
2/27/2023 15:17,2/27/2023 16:47,Dips,35,7,,,,,Triceps,Athletic push ,
2/27/2023 15:17,2/27/2023 16:47,Dips,35,6,,,,,Triceps,Athletic push ,
2/27/2023 15:17,2/27/2023 16:47,Single Leg KB Overhead Press,15,7,,,,,Shoulders,Athletic push ,
2/27/2023 15:17,2/27/2023 16:47,Single Leg KB Overhead Press,15,8,,,,,Shoulders,Athletic push ,
2/27/2023 15:17,2/27/2023 16:47,Single Leg KB Overhead Press,15,8,,,,,Shoulders,Athletic push ,
2/27/2023 15:17,2/27/2023 16:47,Single Leg KB Overhead Press,25,8,,,,,Shoulders,Athletic push ,
2/27/2023 15:17,2/27/2023 16:47,Single Leg KB Overhead Press,25,6,,,,,Shoulders,Athletic push ,
2/27/2023 15:17,2/27/2023 16:47,Dumbbell Lateral Raises,40,5,,,,,Shoulders,Athletic push ,
2/27/2023 15:17,2/27/2023 16:47,Dumbbell Lateral Raises,40,8,,,,,Shoulders,Athletic push ,
2/27/2023 15:17,2/27/2023 16:47,Dumbbell Lateral Raises,40,8,,,,,Shoulders,Athletic push ,
2/25/2023 14:23,2/25/2023 15:41,Squat,115,10,,,,,Legs,Athletics Leg,
2/25/2023 14:23,2/25/2023 15:41,Squat,165,8,,,,,Legs,Athletics Leg,
2/25/2023 14:23,2/25/2023 15:41,Squat,175,7,,,,,Legs,Athletics Leg,
2/25/2023 14:23,2/25/2023 15:41,Squat,175,8,,,,,Legs,Athletics Leg,
2/25/2023 14:23,2/25/2023 15:41,Static squad jumb,0,12,,,,,Legs,Athletics Leg,
2/25/2023 14:23,2/25/2023 15:41,Static squad jumb,0,12,,,,,Legs,Athletics Leg,
2/25/2023 14:23,2/25/2023 15:41,Static squad jumb,0,12,,,,,Legs,Athletics Leg,
2/25/2023 14:23,2/25/2023 15:41,Static squad jumb,0,120,,,,,Legs,Athletics Leg,
2/25/2023 14:23,2/25/2023 15:41,Box single leg jumb,0,12,,,,,Legs,Athletics Leg,
2/25/2023 14:23,2/25/2023 15:41,Box single leg jumb,0,12,,,,,Legs,Athletics Leg,
2/25/2023 14:23,2/25/2023 15:41,Box single leg jumb,0,8,,,,,Legs,Athletics Leg,
2/25/2023 14:23,2/25/2023 15:41,Piston squad ,0,12,,,,,Legs,Athletics Leg,
2/25/2023 14:23,2/25/2023 15:41,Piston squad ,0,12,,,,,Legs,Athletics Leg,
2/25/2023 14:23,2/25/2023 15:41,Piston squad ,0,8,,,,,Legs,Athletics Leg,
2/25/2023 14:23,2/25/2023 15:41,Nordics,,,,,,,Legs,Athletics Leg,
2/25/2023 14:23,2/25/2023 15:41,Nordics,,,,,,,Legs,Athletics Leg,
2/25/2023 14:23,2/25/2023 15:41,Nordics,,,,,,,Legs,Athletics Leg,
2/23/2023 15:00,2/23/2023 16:18,Incline Dumbbell Press,100,9,,,,,Chest,Athletics upperbody,
2/23/2023 15:00,2/23/2023 16:18,Incline Dumbbell Press,110,8,,,,,Chest,Athletics upperbody,
2/23/2023 15:00,2/23/2023 16:18,Incline Dumbbell Press,110,8,,,,,Chest,Athletics upperbody,
2/23/2023 15:00,2/23/2023 16:18,Incline Dumbbell Press,120,6,,,,,Chest,Athletics upperbody,
2/23/2023 15:00,2/23/2023 16:18,Banded pull apart,10,14,,,,,Shoulders,Athletics upperbody,
2/23/2023 15:00,2/23/2023 16:18,Banded pull apart,10,12,,,,,Shoulders,Athletics upperbody,
2/23/2023 15:00,2/23/2023 16:18,Banded pull apart,10,12,,,,,Shoulders,Athletics upperbody,
2/23/2023 15:00,2/23/2023 16:18,Banded pull apart,10,12,,,,,Shoulders,Athletics upperbody,
2/23/2023 15:00,2/23/2023 16:18,Pull Up,11,8,,,,,Back,Athletics upperbody,
2/23/2023 15:00,2/23/2023 16:18,Pull Up,22,7,,,,,Back,Athletics upperbody,
2/23/2023 15:00,2/23/2023 16:18,Pull Up,22,5,,,,,Back,Athletics upperbody,
2/23/2023 15:00,2/23/2023 16:18,Pull Up,11,6,,,,,Back,Athletics upperbody,
2/23/2023 15:00,2/23/2023 16:18,Medicine ball slam,20,10,,,,,Abs,Athletics upperbody,
2/23/2023 15:00,2/23/2023 16:18,Medicine ball slam,20,12,,,,,Abs,Athletics upperbody,
2/23/2023 15:00,2/23/2023 16:18,Medicine ball slam,20,12,,,,,Abs,Athletics upperbody,
2/23/2023 15:00,2/23/2023 16:18,Medicine ball slam,20,12,,,,,Abs,Athletics upperbody,
2/23/2023 15:00,2/23/2023 16:18,Crunches,12,10,,,,,Abs,Athletics upperbody,
2/23/2023 15:00,2/23/2023 16:18,Crunches,,,,,,,Abs,Athletics upperbody,
2/23/2023 15:00,2/23/2023 16:18,Crunches,,,,,,,Abs,Athletics upperbody,
2/23/2023 15:00,2/23/2023 16:18,Russian twist,,,,,,,Abs,Athletics upperbody,
2/23/2023 15:00,2/23/2023 16:18,Russian twist,,,,,,,Abs,Athletics upperbody,
2/23/2023 15:00,2/23/2023 16:18,Russian twist,,,,,,,Abs,Athletics upperbody,
1/10/2023 14:34,1/10/2023 17:00,Hammer strenght high row,75,9,,,,,Back,Pull,
1/10/2023 14:34,1/10/2023 17:00,Hammer strenght high row,75,8,,,,,Back,Pull,
1/10/2023 14:34,1/10/2023 17:00,Hammer strenght high row,70,8,,,,,Back,Pull,
1/10/2023 14:34,1/10/2023 17:00,T-Bar row,55,9,,,,,Back,Pull,
1/10/2023 14:34,1/10/2023 17:00,T-Bar row,60,8,,,,,Back,Pull,
1/10/2023 14:34,1/10/2023 17:00,T-Bar row,60,8,,,,,Back,Pull,
1/10/2023 14:34,1/10/2023 17:00,Lat pushdown,90,9,,,,,Back,Pull,
1/10/2023 14:34,1/10/2023 17:00,Lat pushdown,80,8,,,,,Back,Pull,
1/10/2023 14:34,1/10/2023 17:00,Lat pushdown,80,8,,,,,Back,Pull,
1/10/2023 14:34,1/10/2023 17:00,Cable Row,75,9,,,,,Back,Pull,
1/10/2023 14:34,1/10/2023 17:00,Cable Row,90,8,,,,,Back,Pull,
1/10/2023 14:34,1/10/2023 17:00,Cable Row,90,7,,,,,Back,Pull,
1/10/2023 14:34,1/10/2023 17:00,Dumbbell Bicep Curl,,,,,,,Biceps,Pull,
1/10/2023 14:34,1/10/2023 17:00,Dumbbell Bicep Curl,,,,,,,Biceps,Pull,
1/10/2023 14:34,1/10/2023 17:00,Dumbbell Bicep Curl,,,,,,,Biceps,Pull,
1/3/2023 14:26,1/3/2023 16:06,Hammer strenght high row,75,8,,,,,Back,Pull,
1/3/2023 14:26,1/3/2023 16:06,Hammer strenght high row,75,8,,,,,Back,Pull,
1/3/2023 14:26,1/3/2023 16:06,Hammer strenght high row,75,8,,,,,Back,Pull,
1/3/2023 14:26,1/3/2023 16:06,Lat pushdown,70,12,,,,,Back,Pull,
1/3/2023 14:26,1/3/2023 16:06,Lat pushdown,80,8,,,,,Back,Pull,
1/3/2023 14:26,1/3/2023 16:06,Lat pushdown,80,10,,,,,Back,Pull,
1/3/2023 14:26,1/3/2023 16:06,Cable Row,75,8,,,,,Back,Pull,
1/3/2023 14:26,1/3/2023 16:06,Cable Row,75,8,,,,,Back,Pull,
1/3/2023 14:26,1/3/2023 16:06,Cable Row,75,8,,,,,Back,Pull,
1/3/2023 14:26,1/3/2023 16:06,T-Bar row,45,8,,,,,Back,Pull,
1/3/2023 14:26,1/3/2023 16:06,T-Bar row,45,9,,,,,Back,Pull,
1/3/2023 14:26,1/3/2023 16:06,T-Bar row,45,9,,,,,Back,Pull,
1/3/2023 14:26,1/3/2023 16:06,Dumbbell Bicep Curl,50,8,,,,,Biceps,Pull,
1/3/2023 14:26,1/3/2023 16:06,Dumbbell Bicep Curl,50,8,,,,,Biceps,Pull,
1/3/2023 14:26,1/3/2023 16:06,Dumbbell Bicep Curl,50,6,,,,,Biceps,Pull,
12/29/2022 14:01,12/29/2022 15:38,Hammer strenght high row,70,8,,,,,Back,Pull,
12/29/2022 14:01,12/29/2022 15:38,Hammer strenght high row,70,9,,,,,Back,Pull,
12/29/2022 14:01,12/29/2022 15:38,Hammer strenght high row,70,8,,,,,Back,Pull,
12/29/2022 14:01,12/29/2022 15:38,Lat pushdown,70,12,,,,,Back,Pull,
12/29/2022 14:01,12/29/2022 15:38,Lat pushdown,80,8,,,,,Back,Pull,
12/29/2022 14:01,12/29/2022 15:38,Lat pushdown,80,8,Dropset,,,,Back,Pull,
12/29/2022 14:01,12/29/2022 15:38,Cable Row,75,9,,,,,Back,Pull,
12/29/2022 14:01,12/29/2022 15:38,Cable Row,75,8,,,,,Back,Pull,
12/29/2022 14:01,12/29/2022 15:38,Cable Row,75,8,,,,,Back,Pull,
12/29/2022 14:01,12/29/2022 15:38,T-Bar row,40,8,,,,,Back,Pull,
12/29/2022 14:01,12/29/2022 15:38,T-Bar row,40,9,,,,,Back,Pull,
12/29/2022 14:01,12/29/2022 15:38,T-Bar row,40,8,,,,,Back,Pull,
12/29/2022 14:01,12/29/2022 15:38,Dumbbell Bicep Curl,50,8,,,,,Biceps,Pull,
12/29/2022 14:01,12/29/2022 15:38,Dumbbell Bicep Curl,50,6,,,,,Biceps,Pull,
12/29/2022 14:01,12/29/2022 15:38,Dumbbell Bicep Curl,,,,,,,Biceps,Pull,
12/28/2022 14:35,12/28/2022 16:12,Bench Press,135,8,,,,,Chest,Push,
12/28/2022 14:35,12/28/2022 16:12,Bench Press,143,5,,,,,Chest,Push,
12/28/2022 14:35,12/28/2022 16:12,Bench Press,143,4,,,,,Chest,Push,
12/28/2022 14:35,12/28/2022 16:12,Incline Dumbbell Press,90,8,,,,,Chest,Push,
12/28/2022 14:35,12/28/2022 16:12,Incline Dumbbell Press,90,8,,,,,Chest,Push,
12/28/2022 14:35,12/28/2022 16:12,Incline Dumbbell Press,90,7,,,,,Chest,Push,
12/28/2022 14:35,12/28/2022 16:12,Shoulder Dumbbell Press,80,6,,,,,Shoulders,Push,
12/28/2022 14:35,12/28/2022 16:12,Shoulder Dumbbell Press,70,8,,,,,Shoulders,Push,
12/28/2022 14:35,12/28/2022 16:12,Shoulder Dumbbell Press,70,8,,,,,Shoulders,Push,
12/28/2022 14:35,12/28/2022 16:12,Cable delt ,20,10,,,,,Shoulders,Push,
12/28/2022 14:35,12/28/2022 16:12,Cable delt ,30,10,,,,,Shoulders,Push,
12/28/2022 14:35,12/28/2022 16:12,Cable delt ,30,10,,,,,Shoulders,Push,
12/28/2022 14:35,12/28/2022 16:12,Heavy lateral raise + 10 shrug,30,12,,,,,Shoulders,Push,
12/28/2022 14:35,12/28/2022 16:12,Heavy lateral raise + 10 shrug,30,12,,,,,Shoulders,Push,
12/28/2022 14:35,12/28/2022 16:12,Heavy lateral raise + 10 shrug,30,11,,,,,Shoulders,Push,
12/28/2022 14:35,12/28/2022 16:12,Dips,20,8,,,,,Triceps,Push,
12/28/2022 14:35,12/28/2022 16:12,Dips,20,6,,,,,Triceps,Push,
12/28/2022 14:35,12/28/2022 16:12,Dips,15,6,,,,,Triceps,Push,
12/22/2022 12:45,12/22/2022 13:58,Pull Up,0,7,,,,,Back,Pull,
12/22/2022 12:45,12/22/2022 13:58,Pull Up,0,7,,,,,Back,Pull,
12/22/2022 12:45,12/22/2022 13:58,Pull Up,0,6,,,,,Back,Pull,
12/22/2022 12:45,12/22/2022 13:58,Hammer strenght high row,70,8,,,,,Back,Pull,
12/22/2022 12:45,12/22/2022 13:58,Hammer strenght high row,70,8,,,,,Back,Pull,
12/22/2022 12:45,12/22/2022 13:58,Hammer strenght high row,70,8,,,,,Back,Pull,
12/22/2022 12:45,12/22/2022 13:58,T-Bar row,,,,,,,Back,Pull,
12/22/2022 12:45,12/22/2022 13:58,T-Bar row,,,,,,,Back,Pull,
12/22/2022 12:45,12/22/2022 13:58,T-Bar row,,,,,,,Back,Pull,
12/22/2022 12:45,12/22/2022 13:58,Hammer strenght medium row,,,,,,,Back,Pull,
12/22/2022 12:45,12/22/2022 13:58,Hammer strenght medium row,,,,,,,Back,Pull,
12/22/2022 12:45,12/22/2022 13:58,Hammer strenght medium row,,,,,,,Back,Pull,
12/22/2022 12:45,12/22/2022 13:58,Dumbbell Bicep Curl,50,8,,,,,Biceps,Pull,
12/22/2022 12:45,12/22/2022 13:58,Dumbbell Bicep Curl,50,8,,,,,Biceps,Pull,
12/22/2022 12:45,12/22/2022 13:58,Dumbbell Bicep Curl,50,8,,,,,Biceps,Pull,
12/12/2022 15:15,12/12/2022 16:44,Bench Press,80,10,,,,,Chest,Push,
12/12/2022 15:15,12/12/2022 16:44,Bench Press,155,5,,,,,Chest,Push,
12/12/2022 15:15,12/12/2022 16:44,Bench Press,155,4,,,,,Chest,Push,
12/12/2022 15:15,12/12/2022 16:44,Incline Dumbbell Press,80,8,,,,,Chest,Push,
12/12/2022 15:15,12/12/2022 16:44,Incline Dumbbell Press,90,7,,,,,Chest,Push,
12/12/2022 15:15,12/12/2022 16:44,Incline Dumbbell Press,90,8,,,,,Chest,Push,
12/12/2022 15:15,12/12/2022 16:44,Shoulder Dumbbell Press,80,7,,,,,Shoulders,Push,
12/12/2022 15:15,12/12/2022 16:44,Shoulder Dumbbell Press,80,8,,,,,Shoulders,Push,
12/12/2022 15:15,12/12/2022 16:44,Shoulder Dumbbell Press,80,7,,,,,Shoulders,Push,
12/12/2022 15:15,12/12/2022 16:44,Heavy lateral raise + 10 shrug,30,12,,,,,Shoulders,Push,
12/12/2022 15:15,12/12/2022 16:44,Heavy lateral raise + 10 shrug,30,12,,,,,Shoulders,Push,
12/12/2022 15:15,12/12/2022 16:44,Heavy lateral raise + 10 shrug,30,8,,,,,Shoulders,Push,
12/12/2022 15:15,12/12/2022 16:44,Dips,15,8,,,,,Triceps,Push,
12/12/2022 15:15,12/12/2022 16:44,Dips,15,8,,,,,Triceps,Push,
12/12/2022 15:15,12/12/2022 16:44,Dips,,,,,,,Triceps,Push,
12/12/2022 15:15,12/12/2022 16:44,Dips,,,,,,,Triceps,Push,
12/6/2022 15:17,12/6/2022 16:52,Lat pulldown,110,10,,,,,Back,Pull,
12/6/2022 15:17,12/6/2022 16:52,Lat pulldown,120,7,,,,,Back,Pull,
12/6/2022 15:17,12/6/2022 16:52,Lat pulldown,110,7,Drop sey,,,,Back,Pull,
12/6/2022 15:17,12/6/2022 16:52,Hammer strenght high row,60,8,,,,,Back,Pull,
12/6/2022 15:17,12/6/2022 16:52,Hammer strenght high row,60,10,,,,,Back,Pull,
12/6/2022 15:17,12/6/2022 16:52,Hammer strenght high row,65,8,,,,,Back,Pull,
12/6/2022 15:17,12/6/2022 16:52,T-Bar row,50,8,,,,,Back,Pull,
12/6/2022 15:17,12/6/2022 16:52,T-Bar row,50,8,,,,,Back,Pull,
12/6/2022 15:17,12/6/2022 16:52,T-Bar row,55,7,Drop set,,,,Back,Pull,
12/6/2022 15:17,12/6/2022 16:52,Hammer strenght medium row,70,8,,,,,Back,Pull,
12/6/2022 15:17,12/6/2022 16:52,Hammer strenght medium row,70,8,,,,,Back,Pull,
12/6/2022 15:17,12/6/2022 16:52,Hammer strenght medium row,70,8,,,,,Back,Pull,
12/6/2022 15:17,12/6/2022 16:52,Dumbbell Bicep Curl,40,8,,,,,Biceps,Pull,
12/6/2022 15:17,12/6/2022 16:52,Dumbbell Bicep Curl,40,8,,,,,Biceps,Pull,
12/6/2022 15:17,12/6/2022 16:52,Dumbbell Bicep Curl,50,7,,,,,Biceps,Pull,
12/5/2022 15:19,12/5/2022 16:58,Bench Press,135,8,,,,,Chest,Push,
12/5/2022 15:19,12/5/2022 16:58,Bench Press,145,7,,,,,Chest,Push,
12/5/2022 15:19,12/5/2022 16:58,Bench Press,165,2,,,,,Chest,Push,
12/5/2022 15:19,12/5/2022 16:58,Incline Dumbbell Press,80,8,,,,,Chest,Push,
12/5/2022 15:19,12/5/2022 16:58,Incline Dumbbell Press,90,7,,,,,Chest,Push,
12/5/2022 15:19,12/5/2022 16:58,Incline Dumbbell Press,90,6,,,,,Chest,Push,
12/5/2022 15:19,12/5/2022 16:58,Shoulder Dumbbell Press,80,6,,,,,Shoulders,Push,
12/5/2022 15:19,12/5/2022 16:58,Shoulder Dumbbell Press,80,6,,,,,Shoulders,Push,
12/5/2022 15:19,12/5/2022 16:58,Shoulder Dumbbell Press,80,5,,,,,Shoulders,Push,
12/5/2022 15:19,12/5/2022 16:58,Heavy lateral raise + 10 shrug,30,10,,,,,Shoulders,Push,
12/5/2022 15:19,12/5/2022 16:58,Heavy lateral raise + 10 shrug,30,12,,,,,Shoulders,Push,
12/5/2022 15:19,12/5/2022 16:58,Heavy lateral raise + 10 shrug,30,10,,,,,Shoulders,Push,
12/5/2022 15:19,12/5/2022 16:58,Heavy lateral raise + 10 shrug,30,8,,,,,Shoulders,Push,
12/5/2022 15:19,12/5/2022 16:58,Dips,15,8,,,,,Triceps,Push,
12/5/2022 15:19,12/5/2022 16:58,Dips,15,7,,,,,Triceps,Push,
12/5/2022 15:19,12/5/2022 16:58,Dips,15,6,,,,,Triceps,Push,
12/2/2022 14:03,12/2/2022 15:15,Incline Dumbbell Press,70,8,,,,,Chest,Upper,
12/2/2022 14:03,12/2/2022 15:15,Incline Dumbbell Press,80,9,,,,,Chest,Upper,
12/2/2022 14:03,12/2/2022 15:15,Incline Dumbbell Press,80,8,,,,,Chest,Upper,
12/2/2022 14:03,12/2/2022 15:15,Incline Dumbbell Press,90,8,,,,,Chest,Upper,
12/2/2022 14:03,12/2/2022 15:15,T-Bar row,60,8,,,,,Back,Upper,
12/2/2022 14:03,12/2/2022 15:15,T-Bar row,60,8,,,,,Back,Upper,
12/2/2022 14:03,12/2/2022 15:15,T-Bar row,70,5,,,,,Back,Upper,
12/2/2022 14:03,12/2/2022 15:15,Pull Up,0,8,,,,,Back,Upper,
12/2/2022 14:03,12/2/2022 15:15,Pull Up,0,6,,,,,Back,Upper,
12/2/2022 14:03,12/2/2022 15:15,Pull Up,0,6,,,,,Back,Upper,
12/2/2022 14:03,12/2/2022 15:15,Dumbbell Lateral Raises,30,12,,,,,Shoulders,Upper,
12/2/2022 14:03,12/2/2022 15:15,Dumbbell Lateral Raises,30,12,,,,,Shoulders,Upper,
12/2/2022 14:03,12/2/2022 15:15,Dumbbell Lateral Raises,30,12,,,,,Shoulders,Upper,
12/2/2022 14:03,12/2/2022 15:15,Dumbbell Bicep Curl,40,8,,,,,Biceps,Upper,
12/2/2022 14:03,12/2/2022 15:15,Dumbbell Bicep Curl,40,8,,,,,Biceps,Upper,
12/2/2022 14:03,12/2/2022 15:15,Dumbbell Bicep Curl,50,7,,,,,Biceps,Upper,
12/2/2022 14:03,12/2/2022 15:15,Lower back hyper extend,0,10,,,,,Back,Upper,
12/2/2022 14:03,12/2/2022 15:15,Lower back hyper extend,0,10,,,,,Back,Upper,
12/2/2022 14:03,12/2/2022 15:15,Lower back hyper extend,0,10,,,,,Back,Upper,
11/28/2022 15:53,11/28/2022 15:17,Bench Press,110,8,,,,,Chest,Push,
11/28/2022 15:53,11/28/2022 15:17,Bench Press,145,8,,,,,Chest,Push,
11/28/2022 15:53,11/28/2022 15:17,Bench Press,155,5,,,,,Chest,Push,
11/28/2022 15:53,11/28/2022 15:17,Incline Dumbbell Press,70,8,,,,,Chest,Push,
11/28/2022 15:53,11/28/2022 15:17,Incline Dumbbell Press,70,8,,,,,Chest,Push,
11/28/2022 15:53,11/28/2022 15:17,Incline Dumbbell Press,80,8,,,,,Chest,Push,
11/28/2022 15:53,11/28/2022 15:17,Shoulder Dumbbell Press,60,8,,,,,Shoulders,Push,
11/28/2022 15:53,11/28/2022 15:17,Shoulder Dumbbell Press,60,8,,,,,Shoulders,Push,
11/28/2022 15:53,11/28/2022 15:17,Shoulder Dumbbell Press,60,8,,,,,Shoulders,Push,
11/28/2022 15:53,11/28/2022 15:17,Heavy lateral raise + 10 shrug,30,10,,,,,Shoulders,Push,
11/28/2022 15:53,11/28/2022 15:17,Heavy lateral raise + 10 shrug,30,10,,,,,Shoulders,Push,
11/28/2022 15:53,11/28/2022 15:17,Heavy lateral raise + 10 shrug,30,12,,,,,Shoulders,Push,
11/28/2022 15:53,11/28/2022 15:17,Heavy lateral raise + 10 shrug,30,10,,,,,Shoulders,Push,
11/28/2022 15:53,11/28/2022 15:17,Pushdowns,50,9,,,,,Triceps,Push,
11/28/2022 15:53,11/28/2022 15:17,Dips,0,10,,,,,Triceps,Push,
11/28/2022 15:53,11/28/2022 15:17,Dips,10,6,,,,,Triceps,Push,
11/28/2022 15:53,11/28/2022 15:17,Dips,10,8,,,,,Triceps,Push,
11/8/2022 21:04,11/8/2022 22:07,Pull Up,0,8,,,,,Back,Calisthenics pull,
11/8/2022 21:04,11/8/2022 22:07,Pull Up,0,8,,,,,Back,Calisthenics pull,
11/8/2022 21:04,11/8/2022 22:07,Pull Up,0,6,,,,,Back,Calisthenics pull,
11/8/2022 21:04,11/8/2022 22:07,Pull Up,0,5,,,,,Back,Calisthenics pull,
11/8/2022 21:04,11/8/2022 22:07,Pull Up,0,7,,,,,Back,Calisthenics pull,
11/8/2022 21:04,11/8/2022 22:07,Dumbbell delt ,10,10,,,,,Shoulders,Calisthenics pull,
11/8/2022 21:04,11/8/2022 22:07,Dumbbell delt ,10,10,,,,,Shoulders,Calisthenics pull,
11/8/2022 21:04,11/8/2022 22:07,Dumbbell delt ,10,10,,,,,Shoulders,Calisthenics pull,
11/8/2022 21:04,11/8/2022 22:07,Dumbbell delt ,15,12,,,,,Shoulders,Calisthenics pull,
11/8/2022 21:04,11/8/2022 22:07,Dumbbell delt ,15,12,,,,,Shoulders,Calisthenics pull,
11/8/2022 21:04,11/8/2022 22:07,Hammer Curl,15,16,,,,,Biceps,Calisthenics pull,
11/8/2022 21:04,11/8/2022 22:07,Hammer Curl,15,16,,,,,Biceps,Calisthenics pull,
11/8/2022 21:04,11/8/2022 22:07,Hammer Curl,15,9,,,,,Biceps,Calisthenics pull,
9/23/2022 20:23,9/23/2022 21:43,Pull Up,0,8,,,,,Back,Calisthenics pull,
9/23/2022 20:23,9/23/2022 21:43,Pull Up,0,8,,,,,Back,Calisthenics pull,
9/23/2022 20:23,9/23/2022 21:43,Pull Up,0,8,,,,,Back,Calisthenics pull,
9/23/2022 20:23,9/23/2022 21:43,Pull Up,0,7,,,,,Back,Calisthenics pull,
9/23/2022 20:23,9/23/2022 21:43,Pull Up,0,6,,,,,Back,Calisthenics pull,
9/23/2022 20:23,9/23/2022 21:43,Dumbbell Lateral Raises,10,15,,,,,Shoulders,Calisthenics pull,
9/23/2022 20:23,9/23/2022 21:43,Dumbbell Lateral Raises,10,15,,,,,Shoulders,Calisthenics pull,
9/23/2022 20:23,9/23/2022 21:43,Dumbbell delt ,10,10,,,,,Shoulders,Calisthenics pull,
9/23/2022 20:23,9/23/2022 21:43,Dumbbell delt ,10,10,,,,,Shoulders,Calisthenics pull,
9/23/2022 20:23,9/23/2022 21:43,Dumbbell delt ,10,10,,,,,Shoulders,Calisthenics pull,
9/23/2022 20:23,9/23/2022 21:43,Scalp pull up ,0,10,,,,,Back,Calisthenics pull,
9/23/2022 20:23,9/23/2022 21:43,Scalp pull up ,0,10,,,,,Back,Calisthenics pull,
9/23/2022 20:23,9/23/2022 21:43,Scalp pull up ,,,,,,,Back,Calisthenics pull,
9/23/2022 20:23,9/23/2022 21:43,Hammer Curl,10,20,,,,,Biceps,Calisthenics pull,
9/23/2022 20:23,9/23/2022 21:43,Hammer Curl,10,20,,,,,Biceps,Calisthenics pull,
9/23/2022 20:23,9/23/2022 21:43,Hammer Curl,10,,,,,,Biceps,Calisthenics pull,
8/31/2022 14:12,8/31/2022 15:08,Leg Extensions,110,10,,,,,Legs,Legs,
8/31/2022 14:12,8/31/2022 15:08,Leg Extensions,110,10,,,,,Legs,Legs,
8/31/2022 14:12,8/31/2022 15:08,Leg Extensions,110,10,,,,,Legs,Legs,
8/31/2022 14:12,8/31/2022 15:08,Squat,,,,,,,Legs,Legs,
8/31/2022 14:12,8/31/2022 15:08,Squat,,,,,,,Legs,Legs,
8/31/2022 14:12,8/31/2022 15:08,Squat,,,,,,,Legs,Legs,
8/31/2022 14:12,8/31/2022 15:08,Squat,,,,,,,Legs,Legs,
8/31/2022 14:12,8/31/2022 15:08,Leg Curls,,,,,,,Legs,Legs,
8/31/2022 14:12,8/31/2022 15:08,Leg Curls,,,,,,,Legs,Legs,
8/31/2022 14:12,8/31/2022 15:08,Leg Curls,,,,,,,Legs,Legs,
8/31/2022 14:12,8/31/2022 15:08,Dumbbell RDL,,,,,,,Legs,Legs,
8/31/2022 14:12,8/31/2022 15:08,Calf Raises,150,8,,,,,Legs,Legs,
8/31/2022 14:12,8/31/2022 15:08,Calf Raises,,,,,,,Legs,Legs,
8/31/2022 14:12,8/31/2022 15:08,Calf Raises,,,,,,,Legs,Legs,
8/30/2022 17:19,8/30/2022 18:31,Lat pulldown,110,10,,,,,Back,Pull,
8/30/2022 17:19,8/30/2022 18:31,Lat pulldown,110,9,,,,,Back,Pull,
8/30/2022 17:19,8/30/2022 18:31,Lat pulldown,110,8,,,,,Back,Pull,
8/30/2022 17:19,8/30/2022 18:31,Hammer strenght high row,65,8,,,,,Back,Pull,
8/30/2022 17:19,8/30/2022 18:31,Hammer strenght high row,65,9,,,,,Back,Pull,
8/30/2022 17:19,8/30/2022 18:31,Hammer strenght high row,65,9,,,,,Back,Pull,
8/30/2022 17:19,8/30/2022 18:31,Lat pushdown,60,12,,,,,Back,Pull,
8/30/2022 17:19,8/30/2022 18:31,Lat pushdown,70,8,Drop set,,,,Back,Pull,
8/30/2022 17:19,8/30/2022 18:31,Lat pushdown,,,,,,,Back,Pull,
8/30/2022 17:19,8/30/2022 18:31,T-Bar row,65,8,,,,,Back,Pull,
8/30/2022 17:19,8/30/2022 18:31,T-Bar row,65,7,,,,,Back,Pull,
8/30/2022 17:19,8/30/2022 18:31,T-Bar row,,,,,,,Back,Pull,
8/30/2022 17:19,8/30/2022 18:31,Hammer strenght medium row,70,9,,,,,Back,Pull,
8/30/2022 17:19,8/30/2022 18:31,Hammer strenght medium row,70,10,,,,,Back,Pull,
8/30/2022 17:19,8/30/2022 18:31,Preacher curl,80,9,,,,,Biceps,Pull,
8/30/2022 17:19,8/30/2022 18:31,Preacher curl,80,8,,,,,Biceps,Pull,
8/30/2022 17:19,8/30/2022 18:31,Preacher curl,65,11,,,,,Biceps,Pull,
8/30/2022 17:19,8/30/2022 18:31,Hammer Curl,50,12,,,,,Biceps,Pull,
8/30/2022 17:19,8/30/2022 18:31,Hammer Curl,,,,,,,Biceps,Pull,
8/29/2022 18:23,8/29/2022 19:34,Bench Press,135,10,,,,,Chest,Push,
8/29/2022 18:23,8/29/2022 19:34,Bench Press,155,5,,,,,Chest,Push,
8/29/2022 18:23,8/29/2022 19:34,Bench Press,155,4,,,,,Chest,Push,
8/29/2022 18:23,8/29/2022 19:34,Incline Dumbbell Press,90,10,,,,,Chest,Push,
8/29/2022 18:23,8/29/2022 19:34,Incline Dumbbell Press,90,8,,,,,Chest,Push,
8/29/2022 18:23,8/29/2022 19:34,Incline Dumbbell Press,90,88,,,,,Chest,Push,
8/29/2022 18:23,8/29/2022 19:34,Shoulder Dumbbell Press,80,9,,,,,Shoulders,Push,
8/29/2022 18:23,8/29/2022 19:34,Shoulder Dumbbell Press,80,7,,,,,Shoulders,Push,
8/29/2022 18:23,8/29/2022 19:34,Shoulder Dumbbell Press,80,6,,,,,Shoulders,Push,
8/29/2022 18:23,8/29/2022 19:34,Heavy lateral raise + 10 shrug,30,12,,,,,Shoulders,Push,
8/29/2022 18:23,8/29/2022 19:34,Heavy lateral raise + 10 shrug,30,12,,,,,Shoulders,Push,
8/29/2022 18:23,8/29/2022 19:34,Heavy lateral raise + 10 shrug,30,12,,,,,Shoulders,Push,
8/29/2022 18:23,8/29/2022 19:34,Cable delt ,30,10,,,,,Shoulders,Push,
8/29/2022 18:23,8/29/2022 19:34,Cable delt ,30,10,,,,,Shoulders,Push,
8/29/2022 18:23,8/29/2022 19:34,Cable delt ,,,,,,,Shoulders,Push,
8/29/2022 18:23,8/29/2022 19:34,Pushdowns,70,8,,,,,Triceps,Push,
8/29/2022 18:23,8/29/2022 19:34,Pushdowns,,,,,,,Triceps,Push,
8/29/2022 18:23,8/29/2022 19:34,Over-head tricep cable,,,,,,,Triceps,Push,
8/29/2022 18:23,8/29/2022 19:34,Over-head tricep cable,,,,,,,Triceps,Push,
8/27/2022 15:24,8/27/2022 16:37,Shoulder Dumbbell Press,80,8,,,,,Shoulders,Arms and shoulders,
8/27/2022 15:24,8/27/2022 16:37,Shoulder Dumbbell Press,,,,,,,Shoulders,Arms and shoulders,
8/27/2022 15:24,8/27/2022 16:37,Shoulder Dumbbell Press,,,,,,,Shoulders,Arms and shoulders,
8/27/2022 15:24,8/27/2022 16:37,Preacher curl,,,,,,,Biceps,Arms and shoulders,
8/27/2022 15:24,8/27/2022 16:37,Preacher curl,,,,,,,Biceps,Arms and shoulders,
8/27/2022 15:24,8/27/2022 16:37,Preacher curl,,,,,,,Biceps,Arms and shoulders,
8/27/2022 15:24,8/27/2022 16:37,Single arm pushdown,,,,,,,Triceps,Arms and shoulders,
8/27/2022 15:24,8/27/2022 16:37,Single arm pushdown,,,,,,,Triceps,Arms and shoulders,
8/27/2022 15:24,8/27/2022 16:37,Single arm pushdown,,,,,,,Triceps,Arms and shoulders,
8/27/2022 15:24,8/27/2022 16:37,Incline dumbbell curl,,,,,,,Biceps,Arms and shoulders,
8/27/2022 15:24,8/27/2022 16:37,Incline dumbbell curl,,,,,,,Biceps,Arms and shoulders,
8/27/2022 15:24,8/27/2022 16:37,Lateral cable raise,,,,,,,Shoulders,Arms and shoulders,
8/27/2022 15:24,8/27/2022 16:37,Lateral cable raise,,,,,,,Shoulders,Arms and shoulders,
8/27/2022 15:24,8/27/2022 16:37,Lateral cable raise,,,,,,,Shoulders,Arms and shoulders,
8/27/2022 15:24,8/27/2022 16:37,Over-head tricep cable,,,,,,,Triceps,Arms and shoulders,
8/27/2022 15:24,8/27/2022 16:37,Over-head tricep cable,,,,,,,Triceps,Arms and shoulders,
8/27/2022 15:24,8/27/2022 16:37,Hammer Curl,,,,,,,Biceps,Arms and shoulders,
8/27/2022 15:24,8/27/2022 16:37,Hammer Curl,,,,,,,Biceps,Arms and shoulders,
8/26/2022 17:11,8/26/2022 18:22,Hammer strenght high row,65,8,,,,,Back,"Upper body (chest, back)",
8/26/2022 17:11,8/26/2022 18:22,Hammer strenght high row,65,8,,,,,Back,"Upper body (chest, back)",
8/26/2022 17:11,8/26/2022 18:22,Hammer strenght high row,65,8,,,,,Back,"Upper body (chest, back)",
8/26/2022 17:11,8/26/2022 18:22,Incline Dumbbell Press,90,8,,,,,Chest,"Upper body (chest, back)",
8/26/2022 17:11,8/26/2022 18:22,Incline Dumbbell Press,90,9,,,,,Chest,"Upper body (chest, back)",
8/26/2022 17:11,8/26/2022 18:22,Incline Dumbbell Press,90,8,,,,,Chest,"Upper body (chest, back)",
8/26/2022 17:11,8/26/2022 18:22,Lat pulldown,110,10,,,,,Back,"Upper body (chest, back)",
8/26/2022 17:11,8/26/2022 18:22,Lat pulldown,110,9,,,,,Back,"Upper body (chest, back)",
8/26/2022 17:11,8/26/2022 18:22,Lat pulldown,,,,,,,Back,"Upper body (chest, back)",
8/26/2022 17:11,8/26/2022 18:22,High to low cable chest fly,90,8,,,,,Chest,"Upper body (chest, back)",
8/26/2022 17:11,8/26/2022 18:22,High to low cable chest fly,90,8,,,,,Chest,"Upper body (chest, back)",
8/26/2022 17:11,8/26/2022 18:22,Low to high cable chest fly,90,6,,,,,Chest,"Upper body (chest, back)",
8/26/2022 17:11,8/26/2022 18:22,Low to high cable chest fly,80,5,,,,,Chest,"Upper body (chest, back)",
8/26/2022 17:11,8/26/2022 18:22,Low to high cable chest fly,80,7,,,,,Chest,"Upper body (chest, back)",
8/26/2022 17:11,8/26/2022 18:22,T-Bar row,55,10,,,,,Back,"Upper body (chest, back)",
8/26/2022 17:11,8/26/2022 18:22,T-Bar row,55,10,,,,,Back,"Upper body (chest, back)",
8/26/2022 17:11,8/26/2022 18:22,T-Bar row,,,,,,,Back,"Upper body (chest, back)",
8/26/2022 17:11,8/26/2022 18:22,Hammer strenght medium row,,,,,,,Back,"Upper body (chest, back)",
8/26/2022 17:11,8/26/2022 18:22,Hammer strenght medium row,,,,,,,Back,"Upper body (chest, back)",
8/26/2022 17:11,8/26/2022 18:22,Hammer strenght medium row,,,,,,,Back,"Upper body (chest, back)",
8/25/2022 16:49,,Pull Up,0,10,,,,,Back,Rest day (back + core),
8/25/2022 16:49,,Pull Up,0,8,,,,,Back,Rest day (back + core),
8/25/2022 16:49,,Pull Up,0,6,,,,,Back,Rest day (back + core),
8/25/2022 16:49,,Abs roller,0,10,,,,,Abs,Rest day (back + core),
8/25/2022 16:49,,Abs roller,0,10,,,,,Abs,Rest day (back + core),
8/25/2022 16:49,,Abs roller,0,10,,,,,Abs,Rest day (back + core),
8/25/2022 16:49,,Grip strenghten exercise,70,15,,,,,Biceps,Rest day (back + core),
8/25/2022 16:49,,Grip strenghten exercise,70,15,,,,,Biceps,Rest day (back + core),
8/25/2022 16:49,,Grip strenghten exercise,70,15,,,,,Biceps,Rest day (back + core),
8/25/2022 16:49,,Hyperextensions,0,10,,,,,Back,Rest day (back + core),
8/25/2022 16:49,,Hyperextensions,,,,,,,Back,Rest day (back + core),
8/25/2022 16:49,,Hyperextensions,,,,,,,Back,Rest day (back + core),
8/24/2022 17:41,8/24/2022 19:15,Leg Extensions,110,10,,,,,Legs,Legs,
8/24/2022 17:41,8/24/2022 19:15,Leg Extensions,110,9,,,,,Legs,Legs,
8/24/2022 17:41,8/24/2022 19:15,Leg Extensions,110,8,,,,,Legs,Legs,
8/24/2022 17:41,8/24/2022 19:15,Squat,135,8,,,,,Legs,Legs,
8/24/2022 17:41,8/24/2022 19:15,Squat,165,8,,,,,Legs,Legs,
8/24/2022 17:41,8/24/2022 19:15,Squat,165,6,,,,,Legs,Legs,
8/24/2022 17:41,8/24/2022 19:15,Squat,,,,,,,Legs,Legs,
8/24/2022 17:41,8/24/2022 19:15,Leg Curls,90,8,,,,,Legs,Legs,
8/24/2022 17:41,8/24/2022 19:15,Leg Curls,90,8,,,,,Legs,Legs,
8/24/2022 17:41,8/24/2022 19:15,Leg Curls,90,8,,,,,Legs,Legs,
8/24/2022 17:41,8/24/2022 19:15,Dumbbell RDL,90,8,,,,,Legs,Legs,
8/24/2022 17:41,8/24/2022 19:15,Dumbbell RDL,90,8,,,,,Legs,Legs,
8/24/2022 17:41,8/24/2022 19:15,Calf Raises,150,10,,,,,Legs,Legs,
8/24/2022 17:41,8/24/2022 19:15,Calf Raises,150,8,,,,,Legs,Legs,
8/24/2022 17:41,8/24/2022 19:15,Calf Raises,150,8,,,,,Legs,Legs,
8/24/2022 17:41,8/24/2022 19:15,Lower back hyper extend,0,8,,,,,Back,Legs,
8/24/2022 17:41,8/24/2022 19:15,Lower back hyper extend,0,9,,,,,Back,Legs,
8/23/2022 16:05,8/23/2022 17:26,Hammer strenght medium row,70,8,,,,,Back,Pull,
8/23/2022 16:05,8/23/2022 17:26,Hammer strenght medium row,70,10,,,,,Back,Pull,
8/23/2022 16:05,8/23/2022 17:26,Hammer strenght medium row,,,,,,,Back,Pull,
8/23/2022 16:05,8/23/2022 17:26,Hammer strenght high row,60,8,,,,,Back,Pull,
8/23/2022 16:05,8/23/2022 17:26,Hammer strenght high row,60,9,,,,,Back,Pull,
8/23/2022 16:05,8/23/2022 17:26,Hammer strenght high row,65,8,,,,,Back,Pull,
8/23/2022 16:05,8/23/2022 17:26,Lat pulldown,110,10,,,,,Back,Pull,
8/23/2022 16:05,8/23/2022 17:26,Lat pulldown,110,9,,,,,Back,Pull,
8/23/2022 16:05,8/23/2022 17:26,Lat pulldown,110,9,,,,,Back,Pull,
8/23/2022 16:05,8/23/2022 17:26,Lat pulldown,,,,,,,Back,Pull,
8/23/2022 16:05,8/23/2022 17:26,Lat pushdown,80,8,,,,,Back,Pull,
8/23/2022 16:05,8/23/2022 17:26,Lat pushdown,80,9,,,,,Back,Pull,
8/23/2022 16:05,8/23/2022 17:26,T-Bar row,55,9,,,,,Back,Pull,
8/23/2022 16:05,8/23/2022 17:26,T-Bar row,55,10,,,,,Back,Pull,
8/23/2022 16:05,8/23/2022 17:26,T-Bar row,55,8,,,,,Back,Pull,
8/23/2022 16:05,8/23/2022 17:26,Hammer Curl,50,9,,,,,Biceps,Pull,
8/23/2022 16:05,8/23/2022 17:26,Hammer Curl,40,13,Drop set,,,,Biceps,Pull,
8/23/2022 16:05,8/23/2022 17:26,Hammer Curl,,,,,,,Biceps,Pull,
8/23/2022 16:05,8/23/2022 17:26,Preacher curl,80,9,,,,,Biceps,Pull,
8/23/2022 16:05,8/23/2022 17:26,Preacher curl,80,8,,,,,Biceps,Pull,
8/23/2022 16:05,8/23/2022 17:26,Preacher curl,65,12,,,,,Biceps,Pull,
8/22/2022 18:05,8/22/2022 19:31,Bench Press,135,9,,,,,Chest,Push,
8/22/2022 18:05,8/22/2022 19:31,Bench Press,155,5,,,,,Chest,Push,
8/22/2022 18:05,8/22/2022 19:31,Bench Press,155,4,,,,,Chest,Push,
8/22/2022 18:05,8/22/2022 19:31,Incline Dumbbell Press,90,8,,,,,Chest,Push,
8/22/2022 18:05,8/22/2022 19:31,Incline Dumbbell Press,90,7,,,,,Chest,Push,
8/22/2022 18:05,8/22/2022 19:31,Incline Dumbbell Press,90,8,,,,,Chest,Push,
8/22/2022 18:05,8/22/2022 19:31,Shoulder Dumbbell Press,80,8,,,,,Shoulders,Push,
8/22/2022 18:05,8/22/2022 19:31,Shoulder Dumbbell Press,80,8,,,,,Shoulders,Push,
8/22/2022 18:05,8/22/2022 19:31,Shoulder Dumbbell Press,80,5,,,,,Shoulders,Push,
8/22/2022 18:05,8/22/2022 19:31,Heavy lateral raise + 10 shrug,30,12,,,,,Shoulders,Push,
8/22/2022 18:05,8/22/2022 19:31,Heavy lateral raise + 10 shrug,30,12,,,,,Shoulders,Push,
8/22/2022 18:05,8/22/2022 19:31,Heavy lateral raise + 10 shrug,30,12,,,,,Shoulders,Push,
8/22/2022 18:05,8/22/2022 19:31,Cable delt ,30,10,,,,,Shoulders,Push,
8/22/2022 18:05,8/22/2022 19:31,Cable delt ,30,10,,,,,Shoulders,Push,
8/22/2022 18:05,8/22/2022 19:31,Cable delt ,30,10,,,,,Shoulders,Push,
8/22/2022 18:05,8/22/2022 19:31,Pushdowns,70,8,,,,,Triceps,Push,
8/22/2022 18:05,8/22/2022 19:31,Pushdowns,70,6,3 more on 50,,,,Triceps,Push,
8/22/2022 18:05,8/22/2022 19:31,Over-head tricep cable,60,8,,,,,Triceps,Push,
8/22/2022 18:05,8/22/2022 19:31,Over-head tricep cable,60,8,Drop set to failure,,,,Triceps,Push,
8/21/2022 13:41,8/20/2022 14:41,Pull Up,0,10,,,,,Back,Rest day (back + core),
8/21/2022 13:41,8/20/2022 14:41,Pull Up,0,9,,,,,Back,Rest day (back + core),
8/21/2022 13:41,8/20/2022 14:41,Pull Up,0,5,,,,,Back,Rest day (back + core),
8/21/2022 13:41,8/20/2022 14:41,Abs roller,0,10,,,,,Abs,Rest day (back + core),
8/21/2022 13:41,8/20/2022 14:41,Abs roller,0,10,,,,,Abs,Rest day (back + core),
8/21/2022 13:41,8/20/2022 14:41,Abs roller,0,10,,,,,Abs,Rest day (back + core),
8/21/2022 13:41,8/20/2022 14:41,Grip strenghten exercise,55,15,,,,,Biceps,Rest day (back + core),
8/21/2022 13:41,8/20/2022 14:41,Grip strenghten exercise,70,14,,,,,Biceps,Rest day (back + core),
8/21/2022 13:41,8/20/2022 14:41,Grip strenghten exercise,,,,,,,Biceps,Rest day (back + core),
8/20/2022 13:36,8/20/2022 14:56,Shoulder Dumbbell Press,80,9,,,,,Shoulders,Arms and shoulders,
8/20/2022 13:36,8/20/2022 14:56,Shoulder Dumbbell Press,80,8,,,,,Shoulders,Arms and shoulders,
8/20/2022 13:36,8/20/2022 14:56,Shoulder Dumbbell Press,80,8,,,,,Shoulders,Arms and shoulders,
8/20/2022 13:36,8/20/2022 14:56,Preacher curl,80,9,,,,,Biceps,Arms and shoulders,
8/20/2022 13:36,8/20/2022 14:56,Preacher curl,80,8,,,,,Biceps,Arms and shoulders,
8/20/2022 13:36,8/20/2022 14:56,Preacher curl,65,11,,,,,Biceps,Arms and shoulders,
8/20/2022 13:36,8/20/2022 14:56,Single arm pushdown,30,10,,,,,Triceps,Arms and shoulders,
8/20/2022 13:36,8/20/2022 14:56,Single arm pushdown,30,10,,,,,Triceps,Arms and shoulders,
8/20/2022 13:36,8/20/2022 14:56,Single arm pushdown,30,9,,,,,Triceps,Arms and shoulders,
8/20/2022 13:36,8/20/2022 14:56,Incline dumbbell curl,40,9,,,,,Biceps,Arms and shoulders,
8/20/2022 13:36,8/20/2022 14:56,Incline dumbbell curl,40,8,,,,,Biceps,Arms and shoulders,
8/20/2022 13:36,8/20/2022 14:56,Lateral cable raise,20,10,,,,,Shoulders,Arms and shoulders,
8/20/2022 13:36,8/20/2022 14:56,Lateral cable raise,20,10,,,,,Shoulders,Arms and shoulders,
8/20/2022 13:36,8/20/2022 14:56,Lateral cable raise,20,10,,,,,Shoulders,Arms and shoulders,
8/20/2022 13:36,8/20/2022 14:56,Over-head tricep cable,60,10,,,,,Triceps,Arms and shoulders,
8/20/2022 13:36,8/20/2022 14:56,Over-head tricep cable,60,10,Drop set to failure,,,,Triceps,Arms and shoulders,
8/20/2022 13:36,8/20/2022 14:56,Hammer Curl,40,13,,,,,Biceps,Arms and shoulders,
8/20/2022 13:36,8/20/2022 14:56,Hammer Curl,50,8,,,,,Biceps,Arms and shoulders,
8/19/2022 17:09,8/19/2022 18:32,Hammer strenght high row,60,8,,,,,Back,"Upper body (chest, back)",
8/19/2022 17:09,8/19/2022 18:32,Hammer strenght high row,65,8,,,,,Back,"Upper body (chest, back)",
8/19/2022 17:09,8/19/2022 18:32,Hammer strenght high row,65,8,,,,,Back,"Upper body (chest, back)",
8/19/2022 17:09,8/19/2022 18:32,Incline Dumbbell Press,90,8,,,,,Chest,"Upper body (chest, back)",
8/19/2022 17:09,8/19/2022 18:32,Incline Dumbbell Press,90,8,,,,,Chest,"Upper body (chest, back)",
8/19/2022 17:09,8/19/2022 18:32,Incline Dumbbell Press,90,8,,,,,Chest,"Upper body (chest, back)",
8/19/2022 17:09,8/19/2022 18:32,Lat pulldown,110,9,,,,,Back,"Upper body (chest, back)",
8/19/2022 17:09,8/19/2022 18:32,Lat pulldown,110,9,,,,,Back,"Upper body (chest, back)",
8/19/2022 17:09,8/19/2022 18:32,Lat pulldown,110,9,,,,,Back,"Upper body (chest, back)",
8/19/2022 17:09,8/19/2022 18:32,High to low cable chest fly,80,8,,,,,Chest,"Upper body (chest, back)",
8/19/2022 17:09,8/19/2022 18:32,High to low cable chest fly,80,10,,,,,Chest,"Upper body (chest, back)",
8/19/2022 17:09,8/19/2022 18:32,Low to high cable chest fly,80,8,,,,,Chest,"Upper body (chest, back)",
8/19/2022 17:09,8/19/2022 18:32,Low to high cable chest fly,80,6,3 more on 60,,,,Chest,"Upper body (chest, back)",
8/19/2022 17:09,8/19/2022 18:32,T-Bar row,55,9,,,,,Back,"Upper body (chest, back)",
8/19/2022 17:09,8/19/2022 18:32,T-Bar row,55,8,,,,,Back,"Upper body (chest, back)",
8/19/2022 17:09,8/19/2022 18:32,T-Bar row,55,8,,,,,Back,"Upper body (chest, back)",
8/19/2022 17:09,8/19/2022 18:32,Hammer strenght medium row,70,8,,,,,Back,"Upper body (chest, back)",
8/19/2022 17:09,8/19/2022 18:32,Hammer strenght medium row,70,10,,,,,Back,"Upper body (chest, back)",
8/17/2022 17:46,8/17/2022 18:32,Leg Extensions,110,9,,,,,Legs,Legs,
8/17/2022 17:46,8/17/2022 18:32,Leg Extensions,110,10,,,,,Legs,Legs,
8/17/2022 17:46,8/17/2022 18:32,Leg Extensions,110,8,,,,,Legs,Legs,
8/17/2022 17:46,8/17/2022 18:32,Squat,135,10,,,,,Legs,Legs,
8/17/2022 17:46,8/17/2022 18:32,Squat,155,8,,,,,Legs,Legs,
8/17/2022 17:46,8/17/2022 18:32,Squat,155,8,,,,,Legs,Legs,
8/17/2022 17:46,8/17/2022 18:32,Leg Curls,90,10,,,,,Legs,Legs,
8/17/2022 17:46,8/17/2022 18:32,Leg Curls,90,10,,,,,Legs,Legs,
8/17/2022 17:46,8/17/2022 18:32,Leg Curls,90,8,,,,,Legs,Legs,
8/17/2022 17:46,8/17/2022 18:32,Dumbbell RDL,90,8,,,,,Legs,Legs,
8/17/2022 17:46,8/17/2022 18:32,Dumbbell RDL,90,8,,,,,Legs,Legs,
8/17/2022 17:46,8/17/2022 18:32,Calf Raises,135,10,,,,,Legs,Legs,
8/17/2022 17:46,8/17/2022 18:32,Calf Raises,135,10,,,,,Legs,Legs,
8/17/2022 17:46,8/17/2022 18:32,Calf Raises,,,,,,,Legs,Legs,
8/14/2022 13:50,8/14/2022 14:26,Pull Up,0,9,,,,,Back,Rest day (back + core),
8/14/2022 13:50,8/14/2022 14:26,Pull Up,0,9,,,,,Back,Rest day (back + core),
8/14/2022 13:50,8/14/2022 14:26,Pull Up,0,5,,,,,Back,Rest day (back + core),
8/14/2022 13:50,8/14/2022 14:26,Leg Raises,0,8,,,,,Abs,Rest day (back + core),
8/14/2022 13:50,8/14/2022 14:26,Leg Raises,0,8,,,,,Abs,Rest day (back + core),
8/14/2022 13:50,8/14/2022 14:26,Leg Raises,,,,,,,Abs,Rest day (back + core),
8/14/2022 13:50,8/14/2022 14:26,Abs roller,0,10,,,,,Abs,Rest day (back + core),
8/14/2022 13:50,8/14/2022 14:26,Abs roller,0,10,,,,,Abs,Rest day (back + core),
8/14/2022 13:50,8/14/2022 14:26,Abs roller,0,10,,,,,Abs,Rest day (back + core),
8/13/2022 13:43,8/13/2022 15:07,Shoulder Dumbbell Press,80,9,,,,,Shoulders,Arms and shoulders,
8/13/2022 13:43,8/13/2022 15:07,Shoulder Dumbbell Press,80,8,,,,,Shoulders,Arms and shoulders,
8/13/2022 13:43,8/13/2022 15:07,Shoulder Dumbbell Press,80,8,,,,,Shoulders,Arms and shoulders,
8/13/2022 13:43,8/13/2022 15:07,Preacher curl,70,10,,,,,Biceps,Arms and shoulders,
8/13/2022 13:43,8/13/2022 15:07,Preacher curl,80,8,,,,,Biceps,Arms and shoulders,
8/13/2022 13:43,8/13/2022 15:07,Preacher curl,80,7,,,,,Biceps,Arms and shoulders,
8/13/2022 13:43,8/13/2022 15:07,Single arm pushdown,30,10,,,,,Triceps,Arms and shoulders,
8/13/2022 13:43,8/13/2022 15:07,Single arm pushdown,30,10,Drop set,,,,Triceps,Arms and shoulders,
8/13/2022 13:43,8/13/2022 15:07,Single arm pushdown,,,,,,,Triceps,Arms and shoulders,
8/13/2022 13:43,8/13/2022 15:07,Incline dumbbell curl,40,10,,,,,Biceps,Arms and shoulders,
8/13/2022 13:43,8/13/2022 15:07,Incline dumbbell curl,40,8,,,,,Biceps,Arms and shoulders,
8/13/2022 13:43,8/13/2022 15:07,Lateral cable raise,20,12,,,,,Shoulders,Arms and shoulders,
8/13/2022 13:43,8/13/2022 15:07,Lateral cable raise,20,12,,,,,Shoulders,Arms and shoulders,
8/13/2022 13:43,8/13/2022 15:07,Lateral cable raise,20,12,,,,,Shoulders,Arms and shoulders,
8/13/2022 13:43,8/13/2022 15:07,Over-head tricep cable,60,8,,,,,Triceps,Arms and shoulders,
8/13/2022 13:43,8/13/2022 15:07,Over-head tricep cable,60,8,Drop set to failure,,,,Triceps,Arms and shoulders,
8/13/2022 13:43,8/13/2022 15:07,Over-head tricep cable,,,,,,,Triceps,Arms and shoulders,
8/13/2022 13:43,8/13/2022 15:07,Hammer Curl,40,12,,,,,Biceps,Arms and shoulders,
8/13/2022 13:43,8/13/2022 15:07,Hammer Curl,40,11,,,,,Biceps,Arms and shoulders,
8/12/2022 14:44,8/12/2022 16:13,Hammer strenght high row,60,8,,,,,Back,"Upper body (chest, back)",
8/12/2022 14:44,8/12/2022 16:13,Hammer strenght high row,60,8,,,,,Back,"Upper body (chest, back)",
8/12/2022 14:44,8/12/2022 16:13,Hammer strenght high row,60,8,,,,,Back,"Upper body (chest, back)",
8/12/2022 14:44,8/12/2022 16:13,Incline Dumbbell Press,90,8,,,,,Chest,"Upper body (chest, back)",
8/12/2022 14:44,8/12/2022 16:13,Incline Dumbbell Press,90,8,,,,,Chest,"Upper body (chest, back)",
8/12/2022 14:44,8/12/2022 16:13,Incline Dumbbell Press,90,8,,,,,Chest,"Upper body (chest, back)",
8/12/2022 14:44,8/12/2022 16:13,Lat pulldown,110,9,,,,,Back,"Upper body (chest, back)",
8/12/2022 14:44,8/12/2022 16:13,Lat pulldown,110,9,,,,,Back,"Upper body (chest, back)",
8/12/2022 14:44,8/12/2022 16:13,Lat pulldown,110,8,,,,,Back,"Upper body (chest, back)",
8/12/2022 14:44,8/12/2022 16:13,High to low cable chest fly,80,8,,,,,Chest,"Upper body (chest, back)",
8/12/2022 14:44,8/12/2022 16:13,High to low cable chest fly,80,8,,,,,Chest,"Upper body (chest, back)",
8/12/2022 14:44,8/12/2022 16:13,High to low cable chest fly,,,,,,,Chest,"Upper body (chest, back)",
8/12/2022 14:44,8/12/2022 16:13,Low to high cable chest fly,80,8,,,,,Chest,"Upper body (chest, back)",
8/12/2022 14:44,8/12/2022 16:13,Low to high cable chest fly,80,8,,,,,Chest,"Upper body (chest, back)",
8/12/2022 14:44,8/12/2022 16:13,Low to high cable chest fly,,,,,,,Chest,"Upper body (chest, back)",
8/12/2022 14:44,8/12/2022 16:13,T-Bar row,55,9,,,,,Back,"Upper body (chest, back)",
8/12/2022 14:44,8/12/2022 16:13,T-Bar row,55,8,,,,,Back,"Upper body (chest, back)",
8/12/2022 14:44,8/12/2022 16:13,T-Bar row,55,8,,,,,Back,"Upper body (chest, back)",
8/12/2022 14:44,8/12/2022 16:13,Hammer strenght medium row,70,8,,,,,Back,"Upper body (chest, back)",
8/12/2022 14:44,8/12/2022 16:13,Hammer strenght medium row,70,10,,,,,Back,"Upper body (chest, back)",
8/11/2022 18:33,8/11/2022 19:13,Death hang,0,,,,,45,Abs,Rest day,
8/11/2022 18:33,8/11/2022 19:13,Lateral cable raise,20,12,,,,,Shoulders,Rest day,
8/11/2022 18:33,8/11/2022 19:13,Lateral cable raise,20,12,,,,,Shoulders,Rest day,
8/11/2022 18:33,8/11/2022 19:13,Lateral cable raise,20,12,5 more on 10 lbs,,,,Shoulders,Rest day,
8/11/2022 18:33,8/11/2022 19:13,Cable delt ,30,10,,,,,Shoulders,Rest day,
8/11/2022 18:33,8/11/2022 19:13,Cable delt ,30,10,,,,,Shoulders,Rest day,
8/11/2022 18:33,8/11/2022 19:13,Cable delt ,30,10,,,,,Shoulders,Rest day,
8/11/2022 18:33,8/11/2022 19:13,Abs roller,,,,,,,Abs,Rest day,
8/11/2022 18:33,8/11/2022 19:13,Abs roller,,,,,,,Abs,Rest day,
8/11/2022 18:33,8/11/2022 19:13,Abs roller,,,,,,,Abs,Rest day,
8/11/2022 18:33,8/11/2022 19:13,Leg Raises,,,,,,,Abs,Rest day,
8/11/2022 18:33,8/11/2022 19:13,Leg Raises,,,,,,,Abs,Rest day,
8/11/2022 18:33,8/11/2022 19:13,Leg Raises,,,,,,,Abs,Rest day,
8/10/2022 17:23,8/10/2022 18:20,Leg Extensions,110,9,,,,,Legs,Legs,
8/10/2022 17:23,8/10/2022 18:20,Leg Extensions,110,8,,,,,Legs,Legs,
8/10/2022 17:23,8/10/2022 18:20,Leg Extensions,110,5,3 more on 90,,,,Legs,Legs,
8/10/2022 17:23,8/10/2022 18:20,Squat,135,10,,,,,Legs,Legs,
8/10/2022 17:23,8/10/2022 18:20,Squat,155,8,,,,,Legs,Legs,
8/10/2022 17:23,8/10/2022 18:20,Squat,155,8,,,,,Legs,Legs,
8/10/2022 17:23,8/10/2022 18:20,Squat,,,,,,,Legs,Legs,
8/10/2022 17:23,8/10/2022 18:20,Leg Curls,90,9,,,,,Legs,Legs,
8/10/2022 17:23,8/10/2022 18:20,Leg Curls,90,9,,,,,Legs,Legs,
8/10/2022 17:23,8/10/2022 18:20,Leg Curls,90,9,,,,,Legs,Legs,
8/10/2022 17:23,8/10/2022 18:20,Dumbbell RDL,90,8,,,,,Legs,Legs,
8/10/2022 17:23,8/10/2022 18:20,Dumbbell RDL,90,8,,,,,Legs,Legs,
8/10/2022 17:23,8/10/2022 18:20,Calf Raises,,,,,,,Legs,Legs,
8/10/2022 17:23,8/10/2022 18:20,Calf Raises,,,,,,,Legs,Legs,
8/10/2022 17:23,8/10/2022 18:20,Calf Raises,,,,,,,Legs,Legs,
8/9/2022 16:32,8/9/2022 17:55,Pull Up,0,9,,,,,Back,Pull,
8/9/2022 16:32,8/9/2022 17:55,Hammer strenght medium row,70,8,,,,,Back,Pull,
8/9/2022 16:32,8/9/2022 17:55,Hammer strenght medium row,70,8,,,,,Back,Pull,
8/9/2022 16:32,8/9/2022 17:55,Hammer strenght high row,70,7,,,,,Back,Pull,
8/9/2022 16:32,8/9/2022 17:55,Hammer strenght high row,60,8,,,,,Back,Pull,
8/9/2022 16:32,8/9/2022 17:55,Hammer strenght high row,60,8,,,,,Back,Pull,
8/9/2022 16:32,8/9/2022 17:55,Lat pulldown,105,10,,,,,Back,Pull,
8/9/2022 16:32,8/9/2022 17:55,Lat pulldown,110,8,,,,,Back,Pull,
8/9/2022 16:32,8/9/2022 17:55,Lat pulldown,110,8,,,,,Back,Pull,
8/9/2022 16:32,8/9/2022 17:55,Lat pushdown,60,8,,,,,Back,Pull,
8/9/2022 16:32,8/9/2022 17:55,Lat pushdown,60,8,Drop set,,,,Back,Pull,
8/9/2022 16:32,8/9/2022 17:55,T-Bar row,55,8,,,,,Back,Pull,
8/9/2022 16:32,8/9/2022 17:55,T-Bar row,55,8,,,,,Back,Pull,
8/9/2022 16:32,8/9/2022 17:55,T-Bar row,55,8,,,,,Back,Pull,
8/9/2022 16:32,8/9/2022 17:55,Hammer Curl,50,8,,,,,Biceps,Pull,
8/9/2022 16:32,8/9/2022 17:55,Hammer Curl,50,8,Dropset,,,,Biceps,Pull,
8/9/2022 16:32,8/9/2022 17:55,Preacher curl,70,8,,,,,Biceps,Pull,
8/9/2022 16:32,8/9/2022 17:55,Preacher curl,80,8,,,,,Biceps,Pull,
8/9/2022 16:32,8/9/2022 17:55,Preacher curl,80,6,,,,,Biceps,Pull,
8/8/2022 18:37,8/8/2022 19:56,Bench Press,185,2,2 but spotter touch the bar,,,,Chest,Push,
8/8/2022 18:37,8/8/2022 19:56,Bench Press,165,2,First one got help,,,,Chest,Push,
8/8/2022 18:37,8/8/2022 19:56,Bench Press,135,8,,,,,Chest,Push,
8/8/2022 18:37,8/8/2022 19:56,Incline Dumbbell Press,80,9,,,,,Chest,Push,
8/8/2022 18:37,8/8/2022 19:56,Incline Dumbbell Press,80,8,,,,,Chest,Push,
8/8/2022 18:37,8/8/2022 19:56,Incline Dumbbell Press,80,8,,,,,Chest,Push,
8/8/2022 18:37,8/8/2022 19:56,Shoulder Dumbbell Press,70,9,,,,,Shoulders,Push,
8/8/2022 18:37,8/8/2022 19:56,Shoulder Dumbbell Press,70,7,7.5,,,,Shoulders,Push,
8/8/2022 18:37,8/8/2022 19:56,Shoulder Dumbbell Press,70,8,,,,,Shoulders,Push,
8/8/2022 18:37,8/8/2022 19:56,Heavy lateral raise + 10 shrug,30,12,,,,,Shoulders,Push,
8/8/2022 18:37,8/8/2022 19:56,Heavy lateral raise + 10 shrug,30,12,,,,,Shoulders,Push,
8/8/2022 18:37,8/8/2022 19:56,Heavy lateral raise + 10 shrug,30,12,,,,,Shoulders,Push,
8/8/2022 18:37,8/8/2022 19:56,Cable delt ,30,10,,,,,Shoulders,Push,
8/8/2022 18:37,8/8/2022 19:56,Cable delt ,30,10,,,,,Shoulders,Push,
8/8/2022 18:37,8/8/2022 19:56,Cable delt ,30,10,,,,,Shoulders,Push,
8/8/2022 18:37,8/8/2022 19:56,Pushdowns,60,9,,,,,Triceps,Push,
8/8/2022 18:37,8/8/2022 19:56,Pushdowns,60,8,,,,,Triceps,Push,
8/8/2022 18:37,8/8/2022 19:56,Over-head tricep cable,70,8,,,,,Triceps,Push,
8/8/2022 18:37,8/8/2022 19:56,Over-head tricep cable,,,,,,,Triceps,Push,
8/7/2022 13:59,8/7/2022 14:57,Death hang,0,,,,,45,Abs,Rest day,
8/7/2022 13:59,8/7/2022 14:57,Lateral cable raise,20,12,,,,,Shoulders,Rest day,
8/7/2022 13:59,8/7/2022 14:57,Lateral cable raise,20,12,,,,,Shoulders,Rest day,
8/7/2022 13:59,8/7/2022 14:57,Lateral cable raise,20,12,5 more on 10lbs,,,,Shoulders,Rest day,
8/7/2022 13:59,8/7/2022 14:57,Cable delt ,30,10,,,,,Shoulders,Rest day,
8/7/2022 13:59,8/7/2022 14:57,Cable delt ,30,10,,,,,Shoulders,Rest day,
8/7/2022 13:59,8/7/2022 14:57,Cable delt ,30,12,,,,,Shoulders,Rest day,
8/7/2022 13:59,8/7/2022 14:57,Abs roller,0,10,,,,,Abs,Rest day,
8/7/2022 13:59,8/7/2022 14:57,Abs roller,10,10,,,,,Abs,Rest day,
8/7/2022 13:59,8/7/2022 14:57,Abs roller,0,10,,,,,Abs,Rest day,
8/7/2022 13:59,8/7/2022 14:57,Leg Raises,0,10,,,,,Abs,Rest day,
8/7/2022 13:59,8/7/2022 14:57,Leg Raises,0,7,,,,,Abs,Rest day,
8/6/2022 13:50,,Shoulder Dumbbell Press,70,10,,,,,Shoulders,Arms and shoulders,
8/6/2022 13:50,,Shoulder Dumbbell Press,80,8,,,,,Shoulders,Arms and shoulders,
8/6/2022 13:50,,Shoulder Dumbbell Press,80,7,,,,,Shoulders,Arms and shoulders,
8/6/2022 13:50,,Preacher curl,70,10,,,,,Biceps,Arms and shoulders,
8/6/2022 13:50,,Preacher curl,70,9,,,,,Biceps,Arms and shoulders,
8/6/2022 13:50,,Preacher curl,70,8,,,,,Biceps,Arms and shoulders,
8/6/2022 13:50,,Single arm pushdown,30,8,,,,,Triceps,Arms and shoulders,
8/6/2022 13:50,,Single arm pushdown,30,8,,,,,Triceps,Arms and shoulders,
8/6/2022 13:50,,Incline dumbbell curl,40,10,,,,,Biceps,Arms and shoulders,
8/6/2022 13:50,,Incline dumbbell curl,40,8,,,,,Biceps,Arms and shoulders,
8/6/2022 13:50,,Lateral cable raise,,,,,,,Shoulders,Arms and shoulders,
8/6/2022 13:50,,Lateral cable raise,,,,,,,Shoulders,Arms and shoulders,
8/6/2022 13:50,,Lateral cable raise,,,,,,,Shoulders,Arms and shoulders,
8/6/2022 13:50,,Over-head tricep cable,60,12,,,,,Triceps,Arms and shoulders,
8/6/2022 13:50,,Over-head tricep cable,70,10,,,,,Triceps,Arms and shoulders,
8/6/2022 13:50,,Over-head tricep cable,,,,,,,Triceps,Arms and shoulders,
8/6/2022 13:50,,Hammer Curl,50,8,,,,,Biceps,Arms and shoulders,
8/6/2022 13:50,,Hammer Curl,50,6,6 more on 30lbs,,,,Biceps,Arms and shoulders,
8/5/2022 18:02,8/5/2022 19:21,Hammer strenght high row,70,8,,,,,Back,"Upper body (chest, back, shoulder)",
8/5/2022 18:02,8/5/2022 19:21,Hammer strenght high row,70,8,,,,,Back,"Upper body (chest, back, shoulder)",
8/5/2022 18:02,8/5/2022 19:21,Hammer strenght high row,70,8,,,,,Back,"Upper body (chest, back, shoulder)",
8/5/2022 18:02,8/5/2022 19:21,Incline Dumbbell Press,80,10,,,,,Chest,"Upper body (chest, back, shoulder)",
8/5/2022 18:02,8/5/2022 19:21,Incline Dumbbell Press,80,10,,,,,Chest,"Upper body (chest, back, shoulder)",
8/5/2022 18:02,8/5/2022 19:21,Incline Dumbbell Press,80,10,,,,,Chest,"Upper body (chest, back, shoulder)",
8/5/2022 18:02,8/5/2022 19:21,Lat pulldown,105,10,,,,,Back,"Upper body (chest, back, shoulder)",
8/5/2022 18:02,8/5/2022 19:21,Lat pulldown,105,10,,,,,Back,"Upper body (chest, back, shoulder)",
8/5/2022 18:02,8/5/2022 19:21,Lat pulldown,105,10,,,,,Back,"Upper body (chest, back, shoulder)",
8/5/2022 18:02,8/5/2022 19:21,High to low cable chest fly,80,8,4 playe of kg and 1 more outside,,,,Chest,"Upper body (chest, back, shoulder)",
8/5/2022 18:02,8/5/2022 19:21,High to low cable chest fly,80,10,,,,,Chest,"Upper body (chest, back, shoulder)",
8/5/2022 18:02,8/5/2022 19:21,Low to high cable chest fly,80,8,40kg,,,,Chest,"Upper body (chest, back, shoulder)",
8/5/2022 18:02,8/5/2022 19:21,Low to high cable chest fly,80,40,,,,,Chest,"Upper body (chest, back, shoulder)",
8/5/2022 18:02,8/5/2022 19:21,Low to high cable chest fly,,,,,,,Chest,"Upper body (chest, back, shoulder)",
8/5/2022 18:02,8/5/2022 19:21,T-Bar row,55,9,,,,,Back,"Upper body (chest, back, shoulder)",
8/5/2022 18:02,8/5/2022 19:21,T-Bar row,55,9,,,,,Back,"Upper body (chest, back, shoulder)",
8/5/2022 18:02,8/5/2022 19:21,T-Bar row,55,8,,,,,Back,"Upper body (chest, back, shoulder)",
8/5/2022 18:02,8/5/2022 19:21,Hammer strenght medium row,55,8,,,,,Back,"Upper body (chest, back, shoulder)",
8/5/2022 18:02,8/5/2022 19:21,Hammer strenght medium row,55,8,,,,,Back,"Upper body (chest, back, shoulder)",
8/5/2022 18:02,8/5/2022 19:21,Hammer strenght medium row,65,8,,,,,Back,"Upper body (chest, back, shoulder)",
8/4/2022 16:39,8/4/2022 17:40,Death hang,0,,,,,38,Abs,Rest day,
8/4/2022 16:39,8/4/2022 17:40,Lateral cable raise,20,12,,,,,Shoulders,Rest day,
8/4/2022 16:39,8/4/2022 17:40,Lateral cable raise,20,12,,,,,Shoulders,Rest day,
8/4/2022 16:39,8/4/2022 17:40,Lateral cable raise,20,12,5 more on 10lbs,,,,Shoulders,Rest day,
8/4/2022 16:39,8/4/2022 17:40,Cable delt ,30,10,,,,,Shoulders,Rest day,
8/4/2022 16:39,8/4/2022 17:40,Cable delt ,30,10,,,,,Shoulders,Rest day,
8/4/2022 16:39,8/4/2022 17:40,Cable delt ,30,10,,,,,Shoulders,Rest day,
8/4/2022 16:39,8/4/2022 17:40,Abs roller,0,10,,,,,Abs,Rest day,
8/4/2022 16:39,8/4/2022 17:40,Abs roller,10,10,,,,,Abs,Rest day,
8/4/2022 16:39,8/4/2022 17:40,Abs roller,0,10,,,,,Abs,Rest day,
8/4/2022 16:39,8/4/2022 17:40,Leg Raises,,,,,,,Abs,Rest day,
8/4/2022 16:39,8/4/2022 17:40,Leg Raises,,,,,,,Abs,Rest day,
8/4/2022 16:39,8/4/2022 17:40,Leg Raises,,,,,,,Abs,Rest day,
8/3/2022 18:36,,Leg Extensions,90,12,,,,,Legs,Legs,
8/3/2022 18:36,,Leg Extensions,110,8,,,,,Legs,Legs,
8/3/2022 18:36,,Leg Extensions,110,8,,,,,Legs,Legs,
8/3/2022 18:36,,Squat,135,8,,,,,Legs,Legs,
8/3/2022 18:36,,Squat,155,8,,,,,Legs,Legs,
8/3/2022 18:36,,Squat,165,8,,,,,Legs,Legs,
8/3/2022 18:36,,Squat,,,No time so dd not do it,,,,Legs,Legs,
8/3/2022 18:36,,Leg Curls,90,9,,,,,Legs,Legs,
8/3/2022 18:36,,Leg Curls,90,9,,,,,Legs,Legs,
8/3/2022 18:36,,Leg Curls,90,8,A bit fast,,,,Legs,Legs,
8/3/2022 18:36,,Dumbbell RDL,80,10,,,,,Legs,Legs,
8/3/2022 18:36,,Dumbbell RDL,80,10, ,,,,Legs,Legs,
8/3/2022 18:36,,Dumbbell RDL,,,,,,,Legs,Legs,
8/3/2022 18:36,,Calf Raises,,,,,,,Legs,Legs,
8/3/2022 18:36,,Calf Raises,,,,,,,Legs,Legs,
8/3/2022 18:36,,Calf Raises,,,,,,,Legs,Legs,
8/2/2022 18:50,8/2/2022 20:10,Pull Up,0,8,,,,,Back,Pull,
8/2/2022 18:50,8/2/2022 20:10,Pull Up,0,8,,,,,Back,Pull,
8/2/2022 18:50,8/2/2022 20:10,Pull Up,0,6,,,,,Back,Pull,
8/2/2022 18:50,8/2/2022 20:10,Hammer strenght high row,70,7,,,,,Back,Pull,
8/2/2022 18:50,8/2/2022 20:10,Hammer strenght high row,70,7,,,,,Back,Pull,
8/2/2022 18:50,8/2/2022 20:10,Hammer strenght high row,60,8,,,,,Back,Pull,
8/2/2022 18:50,8/2/2022 20:10,T-Bar row,,,,,,,Back,Pull,
8/2/2022 18:50,8/2/2022 20:10,T-Bar row,,,,,,,Back,Pull,
8/2/2022 18:50,8/2/2022 20:10,T-Bar row,,,,,,,Back,Pull,
8/2/2022 18:50,8/2/2022 20:10,Lat pulldown,105,10,,,,,Back,Pull,
8/2/2022 18:50,8/2/2022 20:10,Lat pulldown,105,8,,,,,Back,Pull,
8/2/2022 18:50,8/2/2022 20:10,Lat pulldown,105,8,,,,,Back,Pull,
8/2/2022 18:50,8/2/2022 20:10,Lat pushdown,60,10,,,,,Back,Pull,
8/2/2022 18:50,8/2/2022 20:10,Lat pushdown,60,10,,,,,Back,Pull,
8/2/2022 18:50,8/2/2022 20:10,Lat pushdown,70,8,,,,,Back,Pull,
8/2/2022 18:50,8/2/2022 20:10,Hammer Curl,50,9,,,,,Biceps,Pull,
8/2/2022 18:50,8/2/2022 20:10,Hammer Curl,50,7,,,,,Biceps,Pull,
8/2/2022 18:50,8/2/2022 20:10,Hammer Curl,,,,,,,Biceps,Pull,
8/2/2022 18:50,8/2/2022 20:10,Preacher curl,65,10,,,,,Biceps,Pull,
8/2/2022 18:50,8/2/2022 20:10,Preacher curl,70,8,,,,,Biceps,Pull,
8/2/2022 18:50,8/2/2022 20:10,Preacher curl,70,7,,,,,Biceps,Pull,
8/1/2022 17:35,8/1/2022 19:06,Bench Press,155,5,,,,,Chest,Push,145
8/1/2022 17:35,8/1/2022 19:06,Bench Press,135,8,,,,,Chest,Push,145
8/1/2022 17:35,8/1/2022 19:06,Bench Press,135,5,,,,,Chest,Push,145
8/1/2022 17:35,8/1/2022 19:06,Incline Dumbbell Press,80,8,,,,,Chest,Push,145
8/1/2022 17:35,8/1/2022 19:06,Incline Dumbbell Press,80,9,,,,,Chest,Push,145
8/1/2022 17:35,8/1/2022 19:06,Incline Dumbbell Press,80,8,,,,,Chest,Push,145
8/1/2022 17:35,8/1/2022 19:06,Shoulder Dumbbell Press,70,8,,,,,Shoulders,Push,145
8/1/2022 17:35,8/1/2022 19:06,Shoulder Dumbbell Press,70,8,,,,,Shoulders,Push,145
8/1/2022 17:35,8/1/2022 19:06,Shoulder Dumbbell Press,70,7,,,,,Shoulders,Push,145
8/1/2022 17:35,8/1/2022 19:06,Heavy lateral raise + 10 shrug,30,12,,,,,Shoulders,Push,145
8/1/2022 17:35,8/1/2022 19:06,Heavy lateral raise + 10 shrug,30,12,,,,,Shoulders,Push,145
8/1/2022 17:35,8/1/2022 19:06,Heavy lateral raise + 10 shrug,30,12,,,,,Shoulders,Push,145
8/1/2022 17:35,8/1/2022 19:06,Cable delt ,30,8,,,,,Shoulders,Push,145
8/1/2022 17:35,8/1/2022 19:06,Cable delt ,30,10,,,,,Shoulders,Push,145
8/1/2022 17:35,8/1/2022 19:06,Cable delt ,30,10,,,,,Shoulders,Push,145
8/1/2022 17:35,8/1/2022 19:06,Lateral cable raise,20,10,,,,,Shoulders,Push,145
8/1/2022 17:35,8/1/2022 19:06,Lateral cable raise,20,10,,,,,Shoulders,Push,145
8/1/2022 17:35,8/1/2022 19:06,Lateral cable raise,20,10,,,,,Shoulders,Push,145
8/1/2022 17:35,8/1/2022 19:06,Over-head tricep cable,60,10,,,,,Triceps,Push,145
8/1/2022 17:35,8/1/2022 19:06,Over-head tricep cable,60,9,,,,,Triceps,Push,145
8/1/2022 17:35,8/1/2022 19:06,Pushdowns,60,8,,,,,Triceps,Push,145
8/1/2022 17:35,8/1/2022 19:06,Pushdowns,60,7,,,,,Triceps,Push,145
7/31/2022 13:48,7/31/2022 14:50,Lateral cable raise,20,10,,,,,Shoulders,Rest day,
7/31/2022 13:48,7/31/2022 14:50,Lateral cable raise,20,10,,,,,Shoulders,Rest day,
7/31/2022 13:48,7/31/2022 14:50,Lateral cable raise,20,10,5 more on 10lbs,,,,Shoulders,Rest day,
7/31/2022 13:48,7/31/2022 14:50,Cable delt ,30,8,,,,,Shoulders,Rest day,
7/31/2022 13:48,7/31/2022 14:50,Cable delt ,30,8,,,,,Shoulders,Rest day,
7/31/2022 13:48,7/31/2022 14:50,Cable delt ,30,8,,,,,Shoulders,Rest day,
7/31/2022 13:48,7/31/2022 14:50,Abs roller,0,10,,,,,Abs,Rest day,
7/31/2022 13:48,7/31/2022 14:50,Abs roller,10,10,,,,,Abs,Rest day,
7/31/2022 13:48,7/31/2022 14:50,Abs roller,0,10,,,,,Abs,Rest day,
7/31/2022 13:48,7/31/2022 14:50,Leg Raises,0,10,,,,,Abs,Rest day,
7/31/2022 13:48,7/31/2022 14:50,Leg Raises,0,10,,,,,Abs,Rest day,
7/31/2022 13:48,7/31/2022 14:50,Leg Raises,0,8,,,,,Abs,Rest day,
7/30/2022 14:10,7/30/2022 15:21,Dips,0,10,,,,,Triceps,Arms and shoulders,
7/30/2022 14:10,7/30/2022 15:21,Dips,0,10,,,,,Triceps,Arms and shoulders,
7/30/2022 14:10,7/30/2022 15:21,Dips,0,10,9.5 reps,,,,Triceps,Arms and shoulders,
7/30/2022 14:10,7/30/2022 15:21,Preacher curl,65,10,,,,,Biceps,Arms and shoulders,
7/30/2022 14:10,7/30/2022 15:21,Preacher curl,70,8,,,,,Biceps,Arms and shoulders,
7/30/2022 14:10,7/30/2022 15:21,Preacher curl,70,7,,,,,Biceps,Arms and shoulders,
7/30/2022 14:10,7/30/2022 15:21,Pushdowns,70,8,,,,,Triceps,Arms and shoulders,
7/30/2022 14:10,7/30/2022 15:21,Pushdowns,70,8,Drop set,,,,Triceps,Arms and shoulders,
7/30/2022 14:10,7/30/2022 15:21,Incline dumbbell curl,40,11,,,,,Biceps,Arms and shoulders,
7/30/2022 14:10,7/30/2022 15:21,Incline dumbbell curl,40,9,,,,,Biceps,Arms and shoulders,
7/30/2022 14:10,7/30/2022 15:21,Over-head tricep cable,25,10,,,,,Triceps,Arms and shoulders,
7/30/2022 14:10,7/30/2022 15:21,Over-head tricep cable,25,8,,,,,Triceps,Arms and shoulders,
7/30/2022 14:10,7/30/2022 15:21,Hammer Curl,50,9,,,,,Biceps,Arms and shoulders,
7/30/2022 14:10,7/30/2022 15:21,Hammer Curl,50,7,,,,,Biceps,Arms and shoulders,
7/30/2022 14:10,7/30/2022 15:21,Lateral cable raise,20,10,,,,,Shoulders,Arms and shoulders,
7/30/2022 14:10,7/30/2022 15:21,Lateral cable raise,20,10,,,,,Shoulders,Arms and shoulders,
7/30/2022 14:10,7/30/2022 15:21,Lateral cable raise,20,10,,,,,Shoulders,Arms and shoulders,
7/29/2022 18:03,7/29/2022 19:40,Hammer strenght high row,60,8,,,,,Back,"Upper body (chest, back, shoulder)",
7/29/2022 18:03,7/29/2022 19:40,Hammer strenght high row,70,8,,,,,Back,"Upper body (chest, back, shoulder)",
7/29/2022 18:03,7/29/2022 19:40,Hammer strenght high row,70,8,,,,,Back,"Upper body (chest, back, shoulder)",
7/29/2022 18:03,7/29/2022 19:40,Incline Dumbbell Press,80,10,,,,,Chest,"Upper body (chest, back, shoulder)",
7/29/2022 18:03,7/29/2022 19:40,Incline Dumbbell Press,90,9,,,,,Chest,"Upper body (chest, back, shoulder)",
7/29/2022 18:03,7/29/2022 19:40,Incline Dumbbell Press,90,9,,,,,Chest,"Upper body (chest, back, shoulder)",
7/29/2022 18:03,7/29/2022 19:40,Lat pulldown,105,10,,,,,Back,"Upper body (chest, back, shoulder)",
7/29/2022 18:03,7/29/2022 19:40,Lat pulldown,105,10,,,,,Back,"Upper body (chest, back, shoulder)",
7/29/2022 18:03,7/29/2022 19:40,Lat pulldown,105,10,,,,,Back,"Upper body (chest, back, shoulder)",
7/29/2022 18:03,7/29/2022 19:40,High to low cable chest fly,76,8,4 plate of kg,,,,Chest,"Upper body (chest, back, shoulder)",
7/29/2022 18:03,7/29/2022 19:40,High to low cable chest fly,76,8,,,,,Chest,"Upper body (chest, back, shoulder)",
7/29/2022 18:03,7/29/2022 19:40,Low to high cable chest fly,76,10,,,,,Chest,"Upper body (chest, back, shoulder)",
7/29/2022 18:03,7/29/2022 19:40,Low to high cable chest fly,76,40,,,,,Chest,"Upper body (chest, back, shoulder)",
7/29/2022 18:03,7/29/2022 19:40,T-Bar row,45,10,,,,,Back,"Upper body (chest, back, shoulder)",
7/29/2022 18:03,7/29/2022 19:40,T-Bar row,55,9,,,,,Back,"Upper body (chest, back, shoulder)",
7/29/2022 18:03,7/29/2022 19:40,T-Bar row,55,9,,,,,Back,"Upper body (chest, back, shoulder)",
7/29/2022 18:03,7/29/2022 19:40,Lateral cable raise,20,10,,,,,Shoulders,"Upper body (chest, back, shoulder)",
7/29/2022 18:03,7/29/2022 19:40,Lateral cable raise,20,10,,,,,Shoulders,"Upper body (chest, back, shoulder)",
7/29/2022 18:03,7/29/2022 19:40,Lateral cable raise,20,10,5 more on 10lbs,,,,Shoulders,"Upper body (chest, back, shoulder)",
7/27/2022 18:00,7/27/2022 19:13,Leg Extensions,90,10,,,,,Legs,Legs,
7/27/2022 18:00,7/27/2022 19:13,Leg Extensions,90,10,,,,,Legs,Legs,
7/27/2022 18:00,7/27/2022 19:13,Leg Extensions,90,12,,,,,Legs,Legs,
7/27/2022 18:00,7/27/2022 19:13,Squat,135,8,,,,,Legs,Legs,
7/27/2022 18:00,7/27/2022 19:13,Squat,155,8,,,,,Legs,Legs,
7/27/2022 18:00,7/27/2022 19:13,Squat,155,8,,,,,Legs,Legs,
7/27/2022 18:00,7/27/2022 19:13,Squat,165,5,,,,,Legs,Legs,
7/27/2022 18:00,7/27/2022 19:13,Leg Curls,80,10,,,,,Legs,Legs,
7/27/2022 18:00,7/27/2022 19:13,Leg Curls,80,10,,,,,Legs,Legs,
7/27/2022 18:00,7/27/2022 19:13,Leg Curls,85,9,A bit sloppy,,,,Legs,Legs,
7/27/2022 18:00,7/27/2022 19:13,Dumbbell RDL,70,10,,,,,Legs,Legs,
7/27/2022 18:00,7/27/2022 19:13,Dumbbell RDL,80,8,,,,,Legs,Legs,
7/27/2022 18:00,7/27/2022 19:13,Dumbbell RDL,80,8,,,,,Legs,Legs,
7/27/2022 18:00,7/27/2022 19:13,Calf Raises,135,10,,,,,Legs,Legs,
7/27/2022 18:00,7/27/2022 19:13,Calf Raises,135,10,,,,,Legs,Legs,
7/27/2022 18:00,7/27/2022 19:13,Calf Raises,135,10,,,,,Legs,Legs,
7/26/2022 17:42,7/26/2022 19:27,Pull Up,0,7,,,,,Back,Pull,144.2
7/26/2022 17:42,7/26/2022 19:27,Pull Up,0,6,Did 1 more but had to step up again,,,,Back,Pull,144.2
7/26/2022 17:42,7/26/2022 19:27,Pull Up,0,4,,,,,Back,Pull,144.2
7/26/2022 17:42,7/26/2022 19:27,Hammer strenght high row,60,8,,,,,Back,Pull,144.2
7/26/2022 17:42,7/26/2022 19:27,Hammer strenght high row,60,8,,,,,Back,Pull,144.2
7/26/2022 17:42,7/26/2022 19:27,Hammer strenght high row,70,8,,,,,Back,Pull,144.2
7/26/2022 17:42,7/26/2022 19:27,Lat pulldown,105,9,,,,,Back,Pull,144.2
7/26/2022 17:42,7/26/2022 19:27,Lat pulldown,105,9,,,,,Back,Pull,144.2
7/26/2022 17:42,7/26/2022 19:27,Lat pulldown,105,9,,,,,Back,Pull,144.2
7/26/2022 17:42,7/26/2022 19:27,Lat pushdown,60,10,,,,,Back,Pull,144.2
7/26/2022 17:42,7/26/2022 19:27,Lat pushdown,60,10,,,,,Back,Pull,144.2
7/26/2022 17:42,7/26/2022 19:27,Lat pushdown,70,8,,,,,Back,Pull,144.2
7/26/2022 17:42,7/26/2022 19:27,T-Bar row,45,9,,,,,Back,Pull,144.2
7/26/2022 17:42,7/26/2022 19:27,T-Bar row,45,9,Grip die ( stop mid set),,,,Back,Pull,144.2
7/26/2022 17:42,7/26/2022 19:27,T-Bar row,45,9,,,,,Back,Pull,144.2
7/26/2022 17:42,7/26/2022 19:27,Preacher curl,65,8,,,,,Biceps,Pull,144.2
7/26/2022 17:42,7/26/2022 19:27,Preacher curl,65,9,,,,,Biceps,Pull,144.2
7/26/2022 17:42,7/26/2022 19:27,Preacher curl,65,9,,,,,Biceps,Pull,144.2
7/26/2022 17:42,7/26/2022 19:27,Incline dumbbell curl,40,9,,,,,Biceps,Pull,144.2
7/26/2022 17:42,7/26/2022 19:27,Incline dumbbell curl,40,8,,,,,Biceps,Pull,144.2
7/26/2022 17:42,7/26/2022 19:27,Hammer Curl,50,6,,,,,Biceps,Pull,144.2
7/26/2022 17:42,7/26/2022 19:27,Hammer Curl,50,6,,,,,Biceps,Pull,144.2
7/25/2022 18:11,7/25/2022 19:31,Bench Press,155,5,,,,,Chest,Push,
7/25/2022 18:11,7/25/2022 19:31,Bench Press,135,8,,,,,Chest,Push,
7/25/2022 18:11,7/25/2022 19:31,Bench Press,135,8,,,,,Chest,Push,
7/25/2022 18:11,7/25/2022 19:31,Incline Dumbbell Press,80,8,,,,,Chest,Push,
7/25/2022 18:11,7/25/2022 19:31,Incline Dumbbell Press,80,9,,,,,Chest,Push,
7/25/2022 18:11,7/25/2022 19:31,Incline Dumbbell Press,80,9,,,,,Chest,Push,
7/25/2022 18:11,7/25/2022 19:31,Shoulder Dumbbell Press,70,8,,,,,Shoulders,Push,
7/25/2022 18:11,7/25/2022 19:31,Shoulder Dumbbell Press,70,7,,,,,Shoulders,Push,
7/25/2022 18:11,7/25/2022 19:31,Shoulder Dumbbell Press,70,7,,,,,Shoulders,Push,
7/25/2022 18:11,7/25/2022 19:31,Heavy lateral raise + 10 shrug,30,12,,,,,Shoulders,Push,
7/25/2022 18:11,7/25/2022 19:31,Heavy lateral raise + 10 shrug,30,12,,,,,Shoulders,Push,
7/25/2022 18:11,7/25/2022 19:31,Heavy lateral raise + 10 shrug,30,12,,,,,Shoulders,Push,
7/25/2022 18:11,7/25/2022 19:31,Cable delt ,30,8,,,,,Shoulders,Push,
7/25/2022 18:11,7/25/2022 19:31,Cable delt ,30,8,,,,,Shoulders,Push,
7/25/2022 18:11,7/25/2022 19:31,Cable delt ,30,8,,,,,Shoulders,Push,
7/25/2022 18:11,7/25/2022 19:31,Lateral cable raise,20,10,,,,,Shoulders,Push,
7/25/2022 18:11,7/25/2022 19:31,Lateral cable raise,20,10,,,,,Shoulders,Push,
7/25/2022 18:11,7/25/2022 19:31,Lateral cable raise,20,10,5 more on 10lbs,,,,Shoulders,Push,
7/25/2022 18:11,7/25/2022 19:31,Pushdowns,60,10,,,,,Triceps,Push,
7/25/2022 18:11,7/25/2022 19:31,Pushdowns,60,10,Drop set,,,,Triceps,Push,
7/25/2022 18:11,7/25/2022 19:31,Over-head tricep cable,50,8,,,,,Triceps,Push,
7/25/2022 18:11,7/25/2022 19:31,Over-head tricep cable,25,8,,,,,Triceps,Push,
7/24/2022 14:57,7/24/2022 15:15,Abs roller,0,10,,,,,Abs,Rest day,
7/24/2022 14:57,7/24/2022 15:15,Abs roller,10,10,,,,,Abs,Rest day,
7/24/2022 14:57,7/24/2022 15:15,Abs roller,0,10,,,,,Abs,Rest day,
7/24/2022 14:57,7/24/2022 15:15,Leg Raises,0,10,,,,,Abs,Rest day,
7/24/2022 14:57,7/24/2022 15:15,Leg Raises,0,10, ,,,,Abs,Rest day,
7/24/2022 14:57,7/24/2022 15:15,Leg Raises,0,10,,,,,Abs,Rest day,
7/24/2022 14:57,7/24/2022 15:15,Death hang,0,,,,,35,Abs,Rest day,
7/24/2022 14:57,7/24/2022 15:15,Death hang,0,,,,,35,Abs,Rest day,
7/24/2022 14:57,7/24/2022 15:15,Death hang,0,,,,,25,Abs,Rest day,
7/23/2022 13:30,7/23/2022 14:55,Incline dumbbell curl,40,10,,,,,Biceps,Arms and shoulders,
7/23/2022 13:30,7/23/2022 14:55,Incline dumbbell curl,40,9,,,,,Biceps,Arms and shoulders,
7/23/2022 13:30,7/23/2022 14:55,Dips,0,8,,,,,Triceps,Arms and shoulders,
7/23/2022 13:30,7/23/2022 14:55,Dips,0,8,,,,,Triceps,Arms and shoulders,
7/23/2022 13:30,7/23/2022 14:55,Dips,0,8,,,,,Triceps,Arms and shoulders,
7/23/2022 13:30,7/23/2022 14:55,Hammer Curl,40,12,,,,,Biceps,Arms and shoulders,
7/23/2022 13:30,7/23/2022 14:55,Hammer Curl,50,8,Hard af mabe did 7 and 2 half rep of 50,,,,Biceps,Arms and shoulders,
7/23/2022 13:30,7/23/2022 14:55,Over-head tricep cable,25,8,,,,,Triceps,Arms and shoulders,
7/23/2022 13:30,7/23/2022 14:55,Over-head tricep cable,25,8,Harf af,,,,Triceps,Arms and shoulders,
7/23/2022 13:30,7/23/2022 14:55,Over-head tricep cable,25,8,Hard afffff,,,,Triceps,Arms and shoulders,
7/23/2022 13:30,7/23/2022 14:55,Pushdowns,60,9,,,,,Triceps,Arms and shoulders,
7/23/2022 13:30,7/23/2022 14:55,Pushdowns,60,9,,,,,Triceps,Arms and shoulders,
7/23/2022 13:30,7/23/2022 14:55,Pushdowns,60,8,Drop set,,,,Triceps,Arms and shoulders,
7/23/2022 13:30,7/23/2022 14:55,Preacher curl,50,8,,,,,Biceps,Arms and shoulders,
7/23/2022 13:30,7/23/2022 14:55,Preacher curl,60,6,,,,,Biceps,Arms and shoulders,
7/23/2022 13:30,7/23/2022 14:55,Preacher curl,60,5,,,,,Biceps,Arms and shoulders,
7/23/2022 13:30,7/23/2022 14:55,Lateral cable raise,20,10,,,,,Shoulders,Arms and shoulders,
7/23/2022 13:30,7/23/2022 14:55,Lateral cable raise,20,10,,,,,Shoulders,Arms and shoulders,
7/23/2022 13:30,7/23/2022 14:55,Lateral cable raise,20,10,5 more on 10lbs,,,,Shoulders,Arms and shoulders,
7/22/2022 17:20,7/22/2022 18:53,Hammer strenght high row,60,8,Without d handle feel smooth,,,,Back,"Upper body (chest, back, shoulder)",
7/22/2022 17:20,7/22/2022 18:53,Hammer strenght high row,60,8,,,,,Back,"Upper body (chest, back, shoulder)",
7/22/2022 17:20,7/22/2022 18:53,Hammer strenght high row,70,7,7.5 Heavy af mabe not ready to up,,,,Back,"Upper body (chest, back, shoulder)",
7/22/2022 17:20,7/22/2022 18:53,Incline Dumbbell Press,80,9,,,,,Chest,"Upper body (chest, back, shoulder)",
7/22/2022 17:20,7/22/2022 18:53,Incline Dumbbell Press,80,10,,,,,Chest,"Upper body (chest, back, shoulder)",
7/22/2022 17:20,7/22/2022 18:53,Incline Dumbbell Press,80,8,,,,,Chest,"Upper body (chest, back, shoulder)",
7/22/2022 17:20,7/22/2022 18:53,Lat pulldown,105,9,,,,,Back,"Upper body (chest, back, shoulder)",
7/22/2022 17:20,7/22/2022 18:53,Lat pulldown,105,9,,,,,Back,"Upper body (chest, back, shoulder)",
7/22/2022 17:20,7/22/2022 18:53,Lat pulldown,105,9,,,,,Back,"Upper body (chest, back, shoulder)",
7/22/2022 17:20,7/22/2022 18:53,High to low cable chest fly,60,8,,,,,Chest,"Upper body (chest, back, shoulder)",
7/22/2022 17:20,7/22/2022 18:53,High to low cable chest fly,76,9,4 plate of kg,,,,Chest,"Upper body (chest, back, shoulder)",
7/22/2022 17:20,7/22/2022 18:53,High to low cable chest fly,76,9,,,,,Chest,"Upper body (chest, back, shoulder)",
7/22/2022 17:20,7/22/2022 18:53,Low to high cable chest fly,76,5,76 is hard af,,,,Chest,"Upper body (chest, back, shoulder)",
7/22/2022 17:20,7/22/2022 18:53,Low to high cable chest fly,70,8,3 plate of kg and 2 outside,,,,Chest,"Upper body (chest, back, shoulder)",
7/22/2022 17:20,7/22/2022 18:53,Low to high cable chest fly,70,8,Pretty tough,,,,Chest,"Upper body (chest, back, shoulder)",
7/22/2022 17:20,7/22/2022 18:53,T-Bar row,45,9,,,,,Back,"Upper body (chest, back, shoulder)",
7/22/2022 17:20,7/22/2022 18:53,T-Bar row,45,9,,,,,Back,"Upper body (chest, back, shoulder)",
7/22/2022 17:20,7/22/2022 18:53,T-Bar row,45,10,,,,,Back,"Upper body (chest, back, shoulder)",
7/22/2022 17:20,7/22/2022 18:53,Lateral cable raise,20,10,,,,,Shoulders,"Upper body (chest, back, shoulder)",
7/22/2022 17:20,7/22/2022 18:53,Lateral cable raise,20,10,,,,,Shoulders,"Upper body (chest, back, shoulder)",
7/22/2022 17:20,7/22/2022 18:53,Lateral cable raise,20,10,5 more on 10lbs,,,,Shoulders,"Upper body (chest, back, shoulder)",
7/21/2022 16:45,7/21/2022 17:17,Abs roller,0,10,,,,,Abs,Rest day,
7/21/2022 16:45,7/21/2022 17:17,Abs roller,10,10,,,,,Abs,Rest day,
7/21/2022 16:45,7/21/2022 17:17,Abs roller,0,10,,,,,Abs,Rest day,
7/21/2022 16:45,7/21/2022 17:17,Leg Raises,0,10,,,,,Abs,Rest day,
7/21/2022 16:45,7/21/2022 17:17,Leg Raises,0,10,,,,,Abs,Rest day,
7/21/2022 16:45,7/21/2022 17:17,Leg Raises,0,10,,,,,Abs,Rest day,
7/21/2022 16:45,7/21/2022 17:17,Death hang,0,,,,,28,Abs,Rest day,
7/21/2022 16:45,7/21/2022 17:17,Death hang,0,,,,,28,Abs,Rest day,
7/21/2022 16:45,7/21/2022 17:17,Death hang,0,,,,,25,Abs,Rest day,
7/20/2022 18:01,7/20/2022 19:15,Squat,135,8,,,,,Legs,Legs,
7/20/2022 18:01,7/20/2022 19:15,Squat,135,8,,,,,Legs,Legs,
7/20/2022 18:01,7/20/2022 19:15,Squat,155,8,,,,,Legs,Legs,
7/20/2022 18:01,7/20/2022 19:15,Squat,155,8,,,,,Legs,Legs,
7/20/2022 18:01,7/20/2022 19:15,Leg Extensions,90,10,,,,,Legs,Legs,
7/20/2022 18:01,7/20/2022 19:15,Leg Extensions,90,10,,,,,Legs,Legs,
7/20/2022 18:01,7/20/2022 19:15,Leg Extensions,90,12,,,,,Legs,Legs,
7/20/2022 18:01,7/20/2022 19:15,Leg Curls,80,10,5 for 90lbs and 5for 60lbs (90lbs hard af),,,,Legs,Legs,
7/20/2022 18:01,7/20/2022 19:15,Leg Curls,80,9,,,,,Legs,Legs,
7/20/2022 18:01,7/20/2022 19:15,Leg Curls,90,8,A bit sloppy not really controlling ang go fast,,,,Legs,Legs,
7/20/2022 18:01,7/20/2022 19:15,Dumbbell RDL,70,8,,,,,Legs,Legs,
7/20/2022 18:01,7/20/2022 19:15,Dumbbell RDL,70,8,,,,,Legs,Legs,
7/20/2022 18:01,7/20/2022 19:15,Dumbbell RDL,70,8,,,,,Legs,Legs,
7/20/2022 18:01,7/20/2022 19:15,Calf Raises,135,8,,,,,Legs,Legs,
7/20/2022 18:01,7/20/2022 19:15,Calf Raises,135,8,,,,,Legs,Legs,
7/20/2022 18:01,7/20/2022 19:15,Calf Raises,135,9,,,,,Legs,Legs,
7/19/2022 18:00,7/19/2022 19:28,Pull Up,0,5,,,,,Back,Pull,145
7/19/2022 18:00,7/19/2022 19:28,Pull Up,0,5,,,,,Back,Pull,145
7/19/2022 18:00,7/19/2022 19:28,Pull Up,0,5,,,,,Back,Pull,145
7/19/2022 18:00,7/19/2022 19:28,Hammer strenght high row,60,8,,,,,Back,Pull,145
7/19/2022 18:00,7/19/2022 19:28,Hammer strenght high row,60,8,,,,,Back,Pull,145
7/19/2022 18:00,7/19/2022 19:28,Hammer strenght high row,60,8,,,,,Back,Pull,145
7/19/2022 18:00,7/19/2022 19:28,Lat pulldown,105,8,,,,,Back,Pull,145
7/19/2022 18:00,7/19/2022 19:28,Lat pulldown,105,8,,,,,Back,Pull,145
7/19/2022 18:00,7/19/2022 19:28,Lat pulldown,105,5,4 more on 90lbs,,,,Back,Pull,145
7/19/2022 18:00,7/19/2022 19:28,Lat pushdown,60,10,,,,,Back,Pull,145
7/19/2022 18:00,7/19/2022 19:28,Lat pushdown,60,10,,,,,Back,Pull,145
7/19/2022 18:00,7/19/2022 19:28,Lat pushdown,60,8,,,,,Back,Pull,145
7/19/2022 18:00,7/19/2022 19:28,T-Bar row,45,8,,,,,Back,Pull,145
7/19/2022 18:00,7/19/2022 19:28,T-Bar row,45,8,,,,,Back,Pull,145
7/19/2022 18:00,7/19/2022 19:28,T-Bar row,45,8,,,,,Back,Pull,145
7/19/2022 18:00,7/19/2022 19:28,Incline dumbbell curl,40,8,,,,,Biceps,Pull,145
7/19/2022 18:00,7/19/2022 19:28,Incline dumbbell curl,40,8,,,,,Biceps,Pull,145
7/19/2022 18:00,7/19/2022 19:28,Incline dumbbell curl,40,8,,,,,Biceps,Pull,145
7/19/2022 18:00,7/19/2022 19:28,Hammer Curl,40,12,,,,,Biceps,Pull,145
7/19/2022 18:00,7/19/2022 19:28,Hammer Curl,40,12,,,,,Biceps,Pull,145
7/19/2022 18:00,7/19/2022 19:28,Preacher curl,60,5,"3 more on  50lbs, week af",,,,Biceps,Pull,145
7/19/2022 18:00,7/19/2022 19:28,Preacher curl,65,6,2 more on 50,,,,Biceps,Pull,145
7/18/2022 18:23,7/18/2022 19:56,Bench Press,155,4,,,,,Chest,Push,145
7/18/2022 18:23,7/18/2022 19:56,Bench Press,135,8,,,,,Chest,Push,145
7/18/2022 18:23,7/18/2022 19:56,Bench Press,135,8,,,,,Chest,Push,145
7/18/2022 18:23,7/18/2022 19:56,Incline Dumbbell Press,80,8,,,,,Chest,Push,145
7/18/2022 18:23,7/18/2022 19:56,Incline Dumbbell Press,80,8,,,,,Chest,Push,145
7/18/2022 18:23,7/18/2022 19:56,Incline Dumbbell Press,80,8,,,,,Chest,Push,145
7/18/2022 18:23,7/18/2022 19:56,Shoulder Dumbbell Press,70,9,,,,,Shoulders,Push,145
7/18/2022 18:23,7/18/2022 19:56,Shoulder Dumbbell Press,70,8,,,,,Shoulders,Push,145
7/18/2022 18:23,7/18/2022 19:56,Shoulder Dumbbell Press,70,8,,,,,Shoulders,Push,145
7/18/2022 18:23,7/18/2022 19:56,Heavy lateral raise + 10 shrug,30,12,,,,,Shoulders,Push,145
7/18/2022 18:23,7/18/2022 19:56,Heavy lateral raise + 10 shrug,30,12,,,,,Shoulders,Push,145
7/18/2022 18:23,7/18/2022 19:56,Heavy lateral raise + 10 shrug,30,12,,,,,Shoulders,Push,145
7/18/2022 18:23,7/18/2022 19:56,Cable delt ,30,8,,,,,Shoulders,Push,145
7/18/2022 18:23,7/18/2022 19:56,Cable delt ,30,8,,,,,Shoulders,Push,145
7/18/2022 18:23,7/18/2022 19:56,Cable delt ,30,8,,,,,Shoulders,Push,145
7/18/2022 18:23,7/18/2022 19:56,Lateral cable raise,20,10,,,,,Shoulders,Push,145
7/18/2022 18:23,7/18/2022 19:56,Lateral cable raise,20,10,,,,,Shoulders,Push,145
7/18/2022 18:23,7/18/2022 19:56,Lateral cable raise,20,8,Failur to 14.5,,,,Shoulders,Push,145
7/18/2022 18:23,7/18/2022 19:56,Over-head tricep cable,20,10,,,,,Triceps,Push,145
7/18/2022 18:23,7/18/2022 19:56,Over-head tricep cable,25,8,,,,,Triceps,Push,145
7/18/2022 18:23,7/18/2022 19:56,Over-head tricep cable,25,8,7.5 reps. Harf af,,,,Triceps,Push,145
7/18/2022 18:23,7/18/2022 19:56,Pushdowns,60,8,,,,,Triceps,Push,145
7/18/2022 18:23,7/18/2022 19:56,Pushdowns,60,8,,,,,Triceps,Push,145
7/18/2022 18:23,7/18/2022 19:56,Pushdowns,60,8,,,,,Triceps,Push,145
7/16/2022 14:18,7/16/2022 15:34,Incline dumbbell curl,40,9,,,,,Biceps,Arms and shoulders,
7/16/2022 14:18,7/16/2022 15:34,Incline dumbbell curl,40,8,,,,,Biceps,Arms and shoulders,
7/16/2022 14:18,7/16/2022 15:34,Incline dumbbell curl,40,8,,,,,Biceps,Arms and shoulders,
7/16/2022 14:18,7/16/2022 15:34,Dips,0,8,,,,,Triceps,Arms and shoulders,
7/16/2022 14:18,7/16/2022 15:34,Dips,0,8,,,,,Triceps,Arms and shoulders,
7/16/2022 14:18,7/16/2022 15:34,Dips,0,8,,,,,Triceps,Arms and shoulders,
7/16/2022 14:18,7/16/2022 15:34,Hammer Curl,40,12,,,,,Biceps,Arms and shoulders,
7/16/2022 14:18,7/16/2022 15:34,Hammer Curl,40,12,,,,,Biceps,Arms and shoulders,
7/16/2022 14:18,7/16/2022 15:34,Hammer Curl,40,11,,,,,Biceps,Arms and shoulders,
7/16/2022 14:18,7/16/2022 15:34,Over-head tricep cable,20,10,,,,,Triceps,Arms and shoulders,
7/16/2022 14:18,7/16/2022 15:34,Over-head tricep cable,25,8,,,,,Triceps,Arms and shoulders,
7/16/2022 14:18,7/16/2022 15:34,Over-head tricep cable,25,8,,,,,Triceps,Arms and shoulders,
7/16/2022 14:18,7/16/2022 15:34,Pushdowns,60,8,,,,,Triceps,Arms and shoulders,
7/16/2022 14:18,7/16/2022 15:34,Pushdowns,60,8,,,,,Triceps,Arms and shoulders,
7/16/2022 14:18,7/16/2022 15:34,Pushdowns,60,8,Drop set to failure,,,,Triceps,Arms and shoulders,
7/16/2022 14:18,7/16/2022 15:34,Heavy lateral raise + 10 shrug,30,12,,,,,Shoulders,Arms and shoulders,
7/16/2022 14:18,7/16/2022 15:34,Heavy lateral raise + 10 shrug,30,12,,,,,Shoulders,Arms and shoulders,
7/16/2022 14:18,7/16/2022 15:34,Heavy lateral raise + 10 shrug,30,12,,,,,Shoulders,Arms and shoulders,
7/16/2022 14:18,7/16/2022 15:34,Preacher curl,,,"Hurt af, did not do this one(fell like bicep is tearing)",,,,Biceps,Arms and shoulders,
7/16/2022 14:18,7/16/2022 15:34,Preacher curl,,,,,,,Biceps,Arms and shoulders,
7/16/2022 14:18,7/16/2022 15:34,Preacher curl,,,,,,,Biceps,Arms and shoulders,
7/15/2022 18:00,7/15/2022 19:34,Hammer strenght high row,50,10,,,,,Back,"Upper body (chest, back, shoulder)",
7/15/2022 18:00,7/15/2022 19:34,Hammer strenght high row,60,8,,,,,Back,"Upper body (chest, back, shoulder)",
7/15/2022 18:00,7/15/2022 19:34,Hammer strenght high row,60,8,,,,,Back,"Upper body (chest, back, shoulder)",
7/15/2022 18:00,7/15/2022 19:34,Incline Dumbbell Press,70,10,,,,,Chest,"Upper body (chest, back, shoulder)",
7/15/2022 18:00,7/15/2022 19:34,Incline Dumbbell Press,70,10,,,,,Chest,"Upper body (chest, back, shoulder)",
7/15/2022 18:00,7/15/2022 19:34,Incline Dumbbell Press,80,9,,,,,Chest,"Upper body (chest, back, shoulder)",
7/15/2022 18:00,7/15/2022 19:34,Lat pulldown,105,8,,,,,Back,"Upper body (chest, back, shoulder)",
7/15/2022 18:00,7/15/2022 19:34,Lat pulldown,105,9,,,,,Back,"Upper body (chest, back, shoulder)",
7/15/2022 18:00,7/15/2022 19:34,Lat pulldown,105,8,,,,,Back,"Upper body (chest, back, shoulder)",
7/15/2022 18:00,7/15/2022 19:34,High to low cable chest fly,60,8,Same with low to high,,,,Chest,"Upper body (chest, back, shoulder)",
7/15/2022 18:00,7/15/2022 19:34,High to low cable chest fly,60,8,,,,,Chest,"Upper body (chest, back, shoulder)",
7/15/2022 18:00,7/15/2022 19:34,High to low cable chest fly,60,10,,,,,Chest,"Upper body (chest, back, shoulder)",
7/15/2022 18:00,7/15/2022 19:34,Low to high cable chest fly,60,8,The machine with kg (3 plate and 1 outside),,,,Chest,"Upper body (chest, back, shoulder)",
7/15/2022 18:00,7/15/2022 19:34,Low to high cable chest fly,60,8,,,,,Chest,"Upper body (chest, back, shoulder)",
7/15/2022 18:00,7/15/2022 19:34,Low to high cable chest fly,60,8,,,,,Chest,"Upper body (chest, back, shoulder)",
7/15/2022 18:00,7/15/2022 19:34,T-Bar row,45,9,,,,,Back,"Upper body (chest, back, shoulder)",
7/15/2022 18:00,7/15/2022 19:34,T-Bar row,45,9,,,,,Back,"Upper body (chest, back, shoulder)",
7/15/2022 18:00,7/15/2022 19:34,T-Bar row,45,,,,,,Back,"Upper body (chest, back, shoulder)",
7/15/2022 18:00,7/15/2022 19:34,Lateral cable raise,20,10,,,,,Shoulders,"Upper body (chest, back, shoulder)",
7/15/2022 18:00,7/15/2022 19:34,Lateral cable raise,20,10,,,,,Shoulders,"Upper body (chest, back, shoulder)",
7/15/2022 18:00,7/15/2022 19:34,Lateral cable raise,20,10,Drop set to failure,,,,Shoulders,"Upper body (chest, back, shoulder)",
7/13/2022 18:25,7/13/2022 20:00,Leg Extensions,90,10,,,,,Legs,Legs,143.3
7/13/2022 18:25,7/13/2022 20:00,Leg Extensions,90,10,,,,,Legs,Legs,143.3
7/13/2022 18:25,7/13/2022 20:00,Leg Extensions,90,12,,,,,Legs,Legs,143.3
7/13/2022 18:25,7/13/2022 20:00,Squat,135,8,,,,,Legs,Legs,143.3
7/13/2022 18:25,7/13/2022 20:00,Squat,135,8,,,,,Legs,Legs,143.3
7/13/2022 18:25,7/13/2022 20:00,Squat,135,8,,,,,Legs,Legs,143.3
7/13/2022 18:25,7/13/2022 20:00,Squat,145,8,,,,,Legs,Legs,143.3
7/13/2022 18:25,7/13/2022 20:00,Leg Curls,70,12,,,,,Legs,Legs,143.3
7/13/2022 18:25,7/13/2022 20:00,Leg Curls,80,10,,,,,Legs,Legs,143.3
7/13/2022 18:25,7/13/2022 20:00,Leg Curls,90,8,,,,,Legs,Legs,143.3
7/13/2022 18:25,7/13/2022 20:00,Dumbbell RDL,70,8,,,,,Legs,Legs,143.3
7/13/2022 18:25,7/13/2022 20:00,Dumbbell RDL,70,8,,,,,Legs,Legs,143.3
7/13/2022 18:25,7/13/2022 20:00,Dumbbell RDL,70,8,,,,,Legs,Legs,143.3
7/13/2022 18:25,7/13/2022 20:00,Calf Raises,120,10,,,,,Legs,Legs,143.3
7/13/2022 18:25,7/13/2022 20:00,Calf Raises,135,8,,,,,Legs,Legs,143.3
7/13/2022 18:25,7/13/2022 20:00,Calf Raises,135,8,,,,,Legs,Legs,143.3
